furiously,madly,violently,fiercely,sharply,savagely,hotly,heatedly,bitterly,indignantly,tempestuously,wildly,crisply,crossly,infuriatedly,irately,irritably,testily
strongly,desperately,strongly,severely,strongly,brutally,furiously,furiously,furiously,furiously,violently,violently,furiously,furiously,furiously,furiously,furiously,furiously
madly,furiously,vigorously,furiously,clearly,viciously,madly,madly,madly,madly,frantically,fiercely,madly,madly,madly,madly,madly,madly
violently,crazily,fiercely,brutally,distinctly,ruthlessly,violently,violently,violently,violently,furiously,recklessly,violently,violently,violently,violently,violently,violently
quickly,passionately,forcefully,viciously,discernibly,wildly,fiercely,fiercely,fiercely,fiercely,stormily,ferociously,fiercely,fiercely,fiercely,fiercely,fiercely,fiercely
frantically,violently,powerfully,passionately,pointedly,indecently,sharply,sharply,sharply,sharply,tumultuously,passionately,sharply,sharply,sharply,sharply,sharply,sharply
fiercely,hastily,intensely,forcefully,,inhumanly,savagely,savagely,savagely,savagely,turbulently,violently,savagely,savagely,savagely,savagely,savagely,savagely
intensely,intensely,forcibly,frantically,,,heatedly,hotly,hotly,hotly,,excitedly,hotly,hotly,hotly,hotly,hotly,hotly
wildly,frantically,frantically,angrily,,,bitterly,bitterly,heatedly,heatedly,,madly,heatedly,heatedly,heatedly,heatedly,heatedly,heatedly
savagely,excitedly,fiercely,madly,,,indignantly,indignantly,indignantly,bitterly,,disorderly,bitterly,bitterly,bitterly,bitterly,bitterly,bitterly
energetically,foolishly,madly,wildly,,,passionately,passionately,hardly,strongly,,rashly,indignantly,indignantly,indignantly,indignantly,indignantly,indignantly
hotly,recklessly,angrily,boldly,,,eagerly,eagerly,reluctantly,madly,,unrestrainedly,tempestuously,tempestuously,strongly,strongly,tempestuously,tempestuously
heatedly,energetically,vehemently,savagely,,,frantically,frantically,slowly,violently,,avidly,wildly,wildly,madly,madly,wildly,wildly
indignantly,hysterically,extremely,mightily,,,furiously,furiously,sorely,quickly,,overzealously,crossly,crisply,violently,violently,crisply,crisply
rapidly,insanely,combatively,vehemently,,,madly,madly,keenly,frantically,,,infuriatedly,infuriatedly,quickly,quickly,crossly,crossly
sharply,dementedly,compellingly,ferociously,,,wildly,wildly,rancorously,fiercely,,,irately,irately,frantically,frantically,infuriatedly,infuriatedly
wild,exceedingly,disturbingly,awfully,,,tensely,tensely,tempestuously,intensely,,,irritably,irritably,fiercely,fiercely,irately,irately
frenziedly,excessively,overwhelmingly,forcibly,,,heatedly,breathlessly,wildly,wildly,,,testily,testily,intensely,intensely,testily,irritably
infuriatedly,extremely,rebelliously,hard,,,breathlessly,strongly,crisply,savagely,,,,,wildly,wildly,,
irately,hard,riotously,impetuously,,,strongly,madly,crossly,energetically,,,,,savagely,savagely,,
,irrationally,stormily,monstrous,,,madly,violently,infuriatedly,hotly,,,,,energetically,energetically,,
,quickly,turbulently,roughly,,,violently,quickly,irately,heatedly,,,,,hotly,hotly,,
,rapidly,impetuously,tempestuously,,,quickly,frantically,irritably,tempestuously,,,,,heatedly,heatedly,,
,rashly,frenziedly,terribly,,,frantically,fiercely,testily,wildly,,,,,indignantly,indignantly,,
,speedily,hysterically,frenziedly,,,fiercely,intensely,angrily,crisply,,,,,tempestuously,tempestuously,,
,unreasonably,,frighteningly,,,intensely,wildly,brutally,crossly,,,,,wildly,wildly,,
,absurdly,,horribly,,,wildly,savagely,cruelly,infuriatedly,,,,,crisply,crisply,,
,deliriously,,irresistibly,,,savagely,energetically,shrilly,irately,,,,,crossly,crossly,,
,devotedly,,maleficiently,,,energetically,hotly,angrily,irritably,,,,,irately,infuriatedly,,
,distractedly,,malevolently,,,heatedly,indignantly,bitingly,testily,,,,,irritably,irritably,,
,frenziedly,,malignly,,,indignantly,tempestuously,impolitely,rapidly,,,,,testily,testily,,
,hurriedly,,riotously,,,tempestuously,wildly,uncivilly,sharply,,,,,rapidly,rapidly,,
,ludicrously,,stormily,,,wildly,crisply,,wild,,,,,sharply,sharply,,
,nonsensically,,threateningly,,,crisply,crossly,,frenziedly,,,,,wild,wild,,
,psychotically,,tigerishly,,,crossly,infuriatedly,,infuriatedly,,,,,frenziedly,frenziedly,,
,rabidly,,turbulently,,,infuriatedly,irately,,irately,,,,,irately,infuriatedly,,
,senselessly,,uncontrollably,,,irately,irritably,,,,,,,,,,
,stormily,,venomously,,,irritably,testily,,,,,,,,,,
,tumultously/tumultuously,,,,,testily,erratically,,,,,,,,,,
,turbulently,,,,,erratically,tempestuously,,,,,,,,,,
,,,,,,tempestuously,apprehensively,,,,,,,,,,
,,,,,,apprehensively,excitably,,,,,,,,,,
,,,,,,excitably,feverishly,,,,,,,,,,
,,,,,,feverishly,frenziedly,,,,,,,,,,
,,,,,,frenziedly,hotly,,,,,,,,,,
,,,,,,hysterically,hysterically,,,,,,,,,,
,,,,,,restlessly,restlessly,,,,,,,,,,
,,,,,,uncontrollably,uncontrollably,,,,,,,,,,
,,,,,,uncontrolledly,uncontrolledly,,,,,,,,,,
,,,,,,rapidly,rapidly,,,,,,,,,,
,,,,,,sharply,sharply,,,,,,,,,,
,,,,,,wild,wild,,,,,,,,,,
,,,,,,frenziedly,frenziedly,,,,,,,,,,
,,,,,,infuriatedly,infuriatedly,,,,,,,,,,
,,,,,,irately,irately,,,,,,,,,,
