elated,enjoyable,ecstatic,festive,heartening,joyous,pleasurable,cheerful,rapturous,merry,upbeat,cheery,lighthearted,jubilant,delighted,effervescent,expansive,flying,gay,glad,high,jocund,jolly,jovial,overjoyed,pleased,satisfied,sunny,transported,blithesome,gratified,enraptured,flipping,gladsome,popping
overjoyed,gratifying,elated,joyous,reassuring,ecstatic,enjoyable,peppy,delightful,pleasant,positive,pleasant,joyous,elated,elated,bubbly,extensive,floating,keen,overjoyed,huge,blithe,pleasant,cordial,elated,appreciative,fulfilled,pleasant,carried,blithe,executed,bewitch,flick,sprightly,blow
ecstatic,satisfying,crazy,peppy,cheering,festive,gratifying,bright,euphoric,winsome,sanguine,bright,buoyant,triumphal,overjoyed,airy,inclusive,aerial,sparkling,contented,great,elated,enjoyable,amiable,delighted,contented,convinced,brilliant,transferred,carefree,accomplished,elate,jerk,jaunty,insert
proud,pleasant,overjoyed,hearty,promising,heartwarming,entertaining,effervescent,delighted,enjoyable,encouraging,lively,jolly,overjoyed,ecstatic,bouncy,far-reaching,soaring,alert,pleased,tremendous,jocose,festive,festive,jubilant,satisfied,contented,luminous,shifted,cheerful,delighted,fascinate,toss,jovial,hit
delighted,delightful,delirious,jovial,hopeful,cheerful,satisfying,buoyant,enchanted,mad,hopeful,happy,playful,joyous,charmed,frothy,wide-ranging,express,wild,cheerful,big,jocular,joyous,buoyant,thrilled,happy,happy,radiant,conveyed,cheery,content,enthrall,chuck,carefree,appear
excited,likable,enthusiastic,chipper,likely,wonderful,pleasing,sanguine,happy,joyous,rosy,sprightly,jovial,triumphant,pleased,bubbly,lavish,mobile,forward,willing,long,jolly,carefree,jolly,euphoric,content,paid,sunlit,,convivial,finished,beguile,twist,lighthearted,shove
enchanted,amusing,joyous,gala,supportive,merry,sensual,jolly,enraptured,sunny,buoyant,,lively,pleased,enchanted,brash,generous,fleet,jolly,joyful,large,lighthearted,cheerful,pleasant,charmed,charmed,supplied,cheerful,,gleeful,matured,enchant,cast,peppy,thrust
exultant,delicious,rhapsodic,merry,,exuberant,,lighthearted,,rollicking,cheery,,laid-back,exuberant,excited,buoyant,ample,swooping,glad,cheering,immense,sprightly,jovial,good-natured,transported,,gratified,genial,,happy,concluded,enamor,pitch,bright,bang
joyful,fun,fervent,upbeat,,upbeat,,rosy,,jolly,happy,,upbeat,exultant,jubilant,jolly,big,drifting,gaudy,pleasing,soaring,,chipper,chipper,ravished,,filled,buoyant,,jocund,effected,gratify,snap,effervescent,dart
jubilant,entertaining,rapturous,cheery,,joyful,,upbeat,,cheerful,optimistic,,blithe,excited,thrilled,bouncy,elastic,zooming,brave,sparkling,steep,,merry,sociable,joyful,,quenched,pleasant,,jolly,compassed,entrance,spin,buoyant,explode
euphoric,pleasurable,mad,happy,,jubilant,,joyful,,lively,favorable,,bright,glad,captivated,irrepressible,great,gliding,rich,gay,lofty,,playful,cheery,rapturous,,compensated,cheery,,jovial,achieved,rejoice,,sanguine,put
exhilarated,agreeable,upbeat,lighthearted,,blessed,,sunny,,hilarious,fond,,cheerful,euphoric,gratified,ebullient,large,plumed,flamboyant,rejoicing,great,,convivial,affable,,,appeased,lighthearted,,joyful,obtained,allure,,jolly,leap
exalted,delectable,joyful,joyful,,blithe,,pleasant,,amusing,promising,,effervescent,flying,fulfilled,sparkling,thorough,waving,lesbian,animated,excessive,,lighthearted,convivial,,,requited,clarion,,joyous,dispatched,ravish,,lighthearted,stick
flying,genial,thrilled,convivial,,delighted,,merry,,comical,heartening,,expansive,gleeful,entranced,boiling,voluminous,streaming,homophile,beaming,stiff,,funny,lighthearted,,,sated,cloudless,,lighthearted,actualized,please,,rosy,crack
elevated,groovy,euphoric,jubilant,,glad,,cheery,,joyful,,,frolicsome,rejoicing,gladdened,bubbling,wide,hovering,queer,beautiful,unusual,,entertaining,airy,,,satiated,fine,,merry,consummated,send,,upbeat,snap
transported,preferable,beatific,blithe,,gleeful,,jaunty,,glad,,,gay,rhapsodic,joyous,elastic,widespread,flapping,animate,blithesome,rich,,gay,animated,,,certain,light,,mirthful,attained,delight,,joyful,whack
intoxicated,welcome,dreamy,carnival,,jocular,,enthusiastic,,lighthearted,,,glad,tickled,,expansive,expansile,winging,animated,bright,sharp,,larking,blithe,,,positive,shining,,sunny,crowned,score,,sunny,rise
animated,relishable,floating,gay,,jolly,,good-natured,,fun-loving,,,gleeful,thrilled,,resilient,all-embracing,fluttering,blithe,cheery,strong,,joshing,companionable,,,,shiny,,gladsome,effectuated,charm,,pleasant,sock
cheered,,frenzied,gleeful,,mirthful,,chipper,,blithe,,,happy,celebrating,,volatile,dilatant,mercurial,brash,exhilarated,steep,,blithe,daffy,,,,summery,,lightsome,happy,gladden,,merry,report
roused,,gone,holiday,,pleased,,perky,,boisterous,,,happy-go-lucky,enraptured,,carbonated,expanding,speedy,carefree,felicitous,expensive,,daffy,delightful,,,,rainless,,,perf,spellbind,,cheery,push
aroused,,high,jocund,,spirited,,animated,,boon,,,high-spirited,exulting,,fermenting,scopic,aeronautical,cheerful,genial,serious,,delightful,dizzy,,,,unclouded,,,,attract,,jaunty,go
enraptured,,out,jolly,,vigorous,,lively,,carefree,,,insouciant,flipping,,frothing,scopious,airborne,cheery,gleeful,significant,,frolicsome,enjoyable,,,,sunshiny,,,,transport,,enthusiastic,protrude
blissful,,sent,jumping,,,,chirpy,,comic,,,jocund,,,animated,stretching,avian,chipper,gratified,sharp,,gleeful,facetious,,,,undarkened,,,,,,good-natured,strike
gleeful,,sunny,mirthful,,,,optimistic,,convivial,,,joyful,,,excited,unrepressed,volant,confident,gratifying,giant,,happy,gay,,,,beaming,,,,,,chipper,
high,,transported,perky,,,,airy,,entertaining,,,merry,,,exhilarated,unsuppressed,volar,convivial,hilarious,flying,,hilarious,glad,,,,blithe,,,,,,perky,
joyous,,wild,snappy,,,,blithe,,facetious,,,resilient,,,exuberant,affable,volitant,devil-may-care,jocund,aerial,,jocund,gleeful,,,,joyful,,,,,,animated,
turned-on,,athrill,zippy,,,,contented,,frolicsome,,,spirited,,,gleeful,communicative,,festive,jovial,elevated,,jubilant,hilarious,,,,optimistic,,,,,,lively,
,,enraptured,bouncy,,,,gay,,funny,,,sprightly,,,happy,demonstrative,,frivolous,joyous,grand,,mirthful,humorous,,,,chirpy,,,,,,chirpy,
,,entranced,swinging,,,,glad,,gay,,,sunny,,,high-spirited,easy,,frolicsome,lighthearted,dear,,sportive,jocose,,,,lightsome,,,,,,optimistic,
,,ravished,carnivalesque,,,,good-humored,,gleeful,,,vivacious,,,hilarious,effervescent,,gleeful,merry,special,,sprightly,jocund,,,,smiling,,,,,,pleasant,
,,,chirpy,,,,hearty,,humorous,,,volatile,,,joyous,effusive,,hilarious,mirthful,grand,,zippy,jubilant,,,,sunbeamy,,,,,,enjoyable,
,,,festal,,,,high,,jocund,,,blithesome,,,lively,extroverted,,insouciant,pleasant,superior,,blithesome,loony,,,,,,,,,,festive,
,,,go-go,,,,hilarious,,jumping,,,feelgood,,,merry,free,,jocund,radiant,necessary,,bouncy,merry,,,,,,,,,,joyous,
,,,grooving,,,,hopeful,,mirthful,,,lightsome,,,mirthful,friendly,,jovial,tickled,noble,,chirpy,mirthful,,,,,,,,,,carefree,
,,,rocking,,,,jocund,,perky,,,,,,sprightly,garrulous,,joyful,up,leading,,gladsome,nutty,,,,,,,,,,cheerful,
,,,,,,,roseate,,riotous,,,,,,vital,genial,,joyous,,chief,,jokey,blithesome,,,,,,,,,,jovial,
,,,,,,,snappy,,sportive,,,,,,zingy,gregarious,,lighthearted,,ruling,,,bouncy,,,,,,,,,,chipper,
,,,,,,,sparkling,,uproarious,,,,,,,liberal,,lively,,capital,,,bantering,,,,,,,,,,merry,
,,,,,,,sprightly,,vivacious,,,,,,,loquacious,,merry,,arch,,,chaffing,,,,,,,,,,playful,
,,,,,,,vivacious,,wild,,,,,,,open,,mirthful,,essential,,,chirpy,,,,,,,,,,convivial,
,,,,,,,winsome,,zippy,,,,,,,outgoing,,playful,,grave,,,conversable,,,,,,,,,,lighthearted,
,,,,,,,zippy,,blithesome,,,,,,,sociable,,presuming,,extreme,,,festal,,,,,,,,,,elated,
,,,,,,,bouncy,,unconstrained,,,,,,,uninhibited,,pushy,,flying,,,jokey,,,,,,,,,,enjoyable,
,,,,,,,enlivening,,grooving,,,,,,,unreserved,,rollicking,,drunk,,,jollying,,,,,,,,,,ecstatic,
,,,,,,,up,,larking,,,,,,,unrestrained,,self-assertive,,treble,,,joshing,,,,,,,,,,festive,
,,,,,,,bucked,,rip-roaring,,,,,,,warm,,spirited,,acute,,,larking,,,,,,,,,,heartening,
,,,,,,,gladsome,,rocking,,,,,,,gushy,,sportive,,piping,,,off-the-wall,,,,,,,,,,joyous,
,,,,,,,zappy,,saturnalian,,,,,,,unconstrained,,sprightly,,high-pitched,,,,,,,,,,,,,pleasurable,
,,,,,,,zingy,,zappy,,,,,,,,,sunny,,rank,,,,,,,,,,,,,cheerful,
,,,,,,,,,zingy,,,,,,,,,vivacious,,soprano,,,,,,,,,,,,,rapturous,
,,,,,,,,,,,,,,,,,,zippy,,alpine,,,,,,,,,,,,,merry,
,,,,,,,,,,,,,,,,,,blithesome,,colossal,,,,,,,,,,,,,upbeat,
,,,,,,,,,,,,,,,,,,bouncy,,eminent,,,,,,,,,,,,,cheery,
,,,,,,,,,,,,,,,,,,chirpy,,formidable,,,,,,,,,,,,,lighthearted,
,,,,,,,,,,,,,,,,,,fun-loving,,gigantic,,,,,,,,,,,,,jubilant,
,,,,,,,,,,,,,,,,,,gamesome,,towering,,,,,,,,,,,,,funny,
,,,,,,,,,,,,,,,,,,pleasure-seeking,,sky-high,,,,,,,,,,,,,entertaining,
,,,,,,,,,,,,,,,,,,bright,,altitudinous,,,,,,,,,,,,,gay,
,,,,,,,,,,,,,,,,,,brilliant,,high-reaching,,,,,,,,,,,,,larking,
,,,,,,,,,,,,,,,,,,flashy,,hovering,,,,,,,,,,,,,joshing,
,,,,,,,,,,,,,,,,,,fresh,,sky-scraping,,,,,,,,,,,,,animated,
,,,,,,,,,,,,,,,,,,garish,,uplifted,,,,,,,,,,,,,buoyant,
,,,,,,,,,,,,,,,,,,intense,,upraised,,,,,,,,,,,,,cheerful,
,,,,,,,,,,,,,,,,,,showy,,costly,,,,,,,,,,,,,cheery,
,,,,,,,,,,,,,,,,,,Sapphic,,exorbitant,,,,,,,,,,,,,gay,
,,,,,,,,,,,,,,,,,,homoerotic,,extraordinary,,,,,,,,,,,,,gleeful,
,,,,,,,,,,,,,,,,,,,,extravagant,,,,,,,,,,,,,jocund,
,,,,,,,,,,,,,,,,,,,,high-priced,,,,,,,,,,,,,jolly,
,,,,,,,,,,,,,,,,,,,,lavish,,,,,,,,,,,,,joyful,
,,,,,,,,,,,,,,,,,,,,luxurious,,,,,,,,,,,,,merry,
,,,,,,,,,,,,,,,,,,,,precious,,,,,,,,,,,,,mirthful,
,,,,,,,,,,,,,,,,,,,,intensified,,,,,,,,,,,,,sunny,
,,,,,,,,,,,,,,,,,,,,consequential,,,,,,,,,,,,,vivacious,
,,,,,,,,,,,,,,,,,,,,crucial,,,,,,,,,,,,,chirpy,
,,,,,,,,,,,,,,,,,,,,distinguished,,,,,,,,,,,,,airy,
,,,,,,,,,,,,,,,,,,,,eminent,,,,,,,,,,,,,blithe,
,,,,,,,,,,,,,,,,,,,,exalted,,,,,,,,,,,,,contented,
,,,,,,,,,,,,,,,,,,,,influential,,,,,,,,,,,,,gay,
,,,,,,,,,,,,,,,,,,,,powerful,,,,,,,,,,,,,glad,
,,,,,,,,,,,,,,,,,,,,prominent,,,,,,,,,,,,,good-humored,
,,,,,,,,,,,,,,,,,,,,boisterous,,,,,,,,,,,,,hearty,
,,,,,,,,,,,,,,,,,,,,cheerful,,,,,,,,,,,,,high,
,,,,,,,,,,,,,,,,,,,,elated,,,,,,,,,,,,,hilarious,
,,,,,,,,,,,,,,,,,,,,excited,,,,,,,,,,,,,hopeful,
,,,,,,,,,,,,,,,,,,,,exhilarated,,,,,,,,,,,,,jocund,
,,,,,,,,,,,,,,,,,,,,exuberant,,,,,,,,,,,,,roseate,
,,,,,,,,,,,,,,,,,,,,joyful,,,,,,,,,,,,,snappy,
,,,,,,,,,,,,,,,,,,,,lighthearted,,,,,,,,,,,,,sparkling,
,,,,,,,,,,,,,,,,,,,,merry,,,,,,,,,,,,,sprightly,
,,,,,,,,,,,,,,,,,,,,psyched,,,,,,,,,,,,,vivacious,
,,,,,,,,,,,,,,,,,,,,pumped,,,,,,,,,,,,,winsome,
,,,,,,,,,,,,,,,,,,,,bouncy,,,,,,,,,,,,,zippy,
,,,,,,,,,,,,,,,,,,,,delirious,,,,,,,,,,,,,bouncy,
,,,,,,,,,,,,,,,,,,,,inebriated,,,,,,,,,,,,,enlivening,
,,,,,,,,,,,,,,,,,,,,stoned,,,,,,,,,,,,,up,
,,,,,,,,,,,,,,,,,,,,tipsy,,,,,,,,,,,,,bucked,
,,,,,,,,,,,,,,,,,,,,doped,,,,,,,,,,,,,zappy,
,,,,,,,,,,,,,,,,,,,,potted,,,,,,,,,,,,,zingy,
,,,,,,,,,,,,,,,,,,,,euphoric,,,,,,,,,,,,,blithe,
,,,,,,,,,,,,,,,,,,,,tanked,,,,,,,,,,,,,daffy,
,,,,,,,,,,,,,,,,,,,,loud,,,,,,,,,,,,,delightful,
,,,,,,,,,,,,,,,,,,,,malodorous,,,,,,,,,,,,,frolicsome,
,,,,,,,,,,,,,,,,,,,,penetrating,,,,,,,,,,,,,gleeful,
,,,,,,,,,,,,,,,,,,,,piercing,,,,,,,,,,,,,happy,
,,,,,,,,,,,,,,,,,,,,putrid,,,,,,,,,,,,,hilarious,
,,,,,,,,,,,,,,,,,,,,rancid,,,,,,,,,,,,,jocund,
,,,,,,,,,,,,,,,,,,,,smelly,,,,,,,,,,,,,jubilant,
,,,,,,,,,,,,,,,,,,,,strident,,,,,,,,,,,,,mirthful,
,,,,,,,,,,,,,,,,,,,,reeking,,,,,,,,,,,,,sportive,
,,,,,,,,,,,,,,,,,,,,,,,,,,,,,,,,,sprightly,
,,,,,,,,,,,,,,,,,,,,,,,,,,,,,,,,,zippy,
,,,,,,,,,,,,,,,,,,,,,,,,,,,,,,,,,blithesome,
,,,,,,,,,,,,,,,,,,,,,,,,,,,,,,,,,bouncy,
,,,,,,,,,,,,,,,,,,,,,,,,,,,,,,,,,chirpy,
,,,,,,,,,,,,,,,,,,,,,,,,,,,,,,,,,jokey,
,,,,,,,,,,,,,,,,,,,,,,,,,,,,,,,,,cheerful,
,,,,,,,,,,,,,,,,,,,,,,,,,,,,,,,,,cheery,
,,,,,,,,,,,,,,,,,,,,,,,,,,,,,,,,,delighted,
,,,,,,,,,,,,,,,,,,,,,,,,,,,,,,,,,ecstatic,
,,,,,,,,,,,,,,,,,,,,,,,,,,,,,,,,,effervescent,
,,,,,,,,,,,,,,,,,,,,,,,,,,,,,,,,,elated,
,,,,,,,,,,,,,,,,,,,,,,,,,,,,,,,,,enjoyable,
,,,,,,,,,,,,,,,,,,,,,,,,,,,,,,,,,expansive,
,,,,,,,,,,,,,,,,,,,,,,,,,,,,,,,,,festive,
,,,,,,,,,,,,,,,,,,,,,,,,,,,,,,,,,flying,
,,,,,,,,,,,,,,,,,,,,,,,,,,,,,,,,,gay,
,,,,,,,,,,,,,,,,,,,,,,,,,,,,,,,,,glad,
,,,,,,,,,,,,,,,,,,,,,,,,,,,,,,,,,high,
,,,,,,,,,,,,,,,,,,,,,,,,,,,,,,,,,jubilant,
,,,,,,,,,,,,,,,,,,,,,,,,,,,,,,,,,lighthearted,
,,,,,,,,,,,,,,,,,,,,,,,,,,,,,,,,,merry,
,,,,,,,,,,,,,,,,,,,,,,,,,,,,,,,,,overjoyed,
,,,,,,,,,,,,,,,,,,,,,,,,,,,,,,,,,pleased,
,,,,,,,,,,,,,,,,,,,,,,,,,,,,,,,,,pleasurable,
,,,,,,,,,,,,,,,,,,,,,,,,,,,,,,,,,rapturous,
,,,,,,,,,,,,,,,,,,,,,,,,,,,,,,,,,satisfied,
,,,,,,,,,,,,,,,,,,,,,,,,,,,,,,,,,sunny,
,,,,,,,,,,,,,,,,,,,,,,,,,,,,,,,,,transported,
,,,,,,,,,,,,,,,,,,,,,,,,,,,,,,,,,upbeat,
,,,,,,,,,,,,,,,,,,,,,,,,,,,,,,,,,blithesome,
,,,,,,,,,,,,,,,,,,,,,,,,,,,,,,,,,gratified,
,,,,,,,,,,,,,,,,,,,,,,,,,,,,,,,,,heartening,
,,,,,,,,,,,,,,,,,,,,,,,,,,,,,,,,,enraptured,
,,,,,,,,,,,,,,,,,,,,,,,,,,,,,,,,,popping,
,,,,,,,,,,,,,,,,,,,,,,,,,,,,,,,,,delighted,
,,,,,,,,,,,,,,,,,,,,,,,,,,,,,,,,,effervescent,
,,,,,,,,,,,,,,,,,,,,,,,,,,,,,,,,,expansive,
,,,,,,,,,,,,,,,,,,,,,,,,,,,,,,,,,flying,
,,,,,,,,,,,,,,,,,,,,,,,,,,,,,,,,,gay,
,,,,,,,,,,,,,,,,,,,,,,,,,,,,,,,,,glad,
,,,,,,,,,,,,,,,,,,,,,,,,,,,,,,,,,high,
,,,,,,,,,,,,,,,,,,,,,,,,,,,,,,,,,jocund,
,,,,,,,,,,,,,,,,,,,,,,,,,,,,,,,,,jolly,
,,,,,,,,,,,,,,,,,,,,,,,,,,,,,,,,,jovial,
,,,,,,,,,,,,,,,,,,,,,,,,,,,,,,,,,overjoyed,
,,,,,,,,,,,,,,,,,,,,,,,,,,,,,,,,,pleased,
,,,,,,,,,,,,,,,,,,,,,,,,,,,,,,,,,satisfied,
,,,,,,,,,,,,,,,,,,,,,,,,,,,,,,,,,sunny,
,,,,,,,,,,,,,,,,,,,,,,,,,,,,,,,,,transported,
,,,,,,,,,,,,,,,,,,,,,,,,,,,,,,,,,blithesome,
,,,,,,,,,,,,,,,,,,,,,,,,,,,,,,,,,gratified,
,,,,,,,,,,,,,,,,,,,,,,,,,,,,,,,,,enraptured,
,,,,,,,,,,,,,,,,,,,,,,,,,,,,,,,,,flipping,
,,,,,,,,,,,,,,,,,,,,,,,,,,,,,,,,,popping,
,,,,,,,,,,,,,,,,,,,,,,,,,,,,,,,,,blithe,
,,,,,,,,,,,,,,,,,,,,,,,,,,,,,,,,,carefree,
,,,,,,,,,,,,,,,,,,,,,,,,,,,,,,,,,cheerful,
,,,,,,,,,,,,,,,,,,,,,,,,,,,,,,,,,cheery,
,,,,,,,,,,,,,,,,,,,,,,,,,,,,,,,,,convivial,
,,,,,,,,,,,,,,,,,,,,,,,,,,,,,,,,,gleeful,
,,,,,,,,,,,,,,,,,,,,,,,,,,,,,,,,,happy,
,,,,,,,,,,,,,,,,,,,,,,,,,,,,,,,,,jocund,
,,,,,,,,,,,,,,,,,,,,,,,,,,,,,,,,,jolly,
,,,,,,,,,,,,,,,,,,,,,,,,,,,,,,,,,jovial,
,,,,,,,,,,,,,,,,,,,,,,,,,,,,,,,,,joyful,
,,,,,,,,,,,,,,,,,,,,,,,,,,,,,,,,,joyous,
,,,,,,,,,,,,,,,,,,,,,,,,,,,,,,,,,lighthearted,
,,,,,,,,,,,,,,,,,,,,,,,,,,,,,,,,,merry,
,,,,,,,,,,,,,,,,,,,,,,,,,,,,,,,,,mirthful,
,,,,,,,,,,,,,,,,,,,,,,,,,,,,,,,,,sunny,
,,,,,,,,,,,,,,,,,,,,,,,,,,,,,,,,,lightsome,
