especially,exceptionally,notably,principally,unusually,specially,strangely,very,uncommonly,extraordinarily,awfully,terribly,so,remarkably,really,curiously,terrifically,decidedly,particularly,absolutely,awfully,profoundly,excessively,remarkably,certainly,deeply,wonderfully,pretty,incredibly,eminently,uncommonly,truly,highly,extremely,extraordinarily,terribly,exceedingly,greatly,unusually,noticeably,uncommonly,peculiarly,unusually,remarkably,rarely,uniquely,startlingly,strikingly,curiously,abnormally,amazingly,strangely,very,uncommonly,exceptionally,extraordinarily,awfully,singularly,terribly,so,really,curiously,peculiarly,short,queerly,decidedly,distinctly,expressly,individually,markedly,singularly,uncommonly,explicitly,outstandingly,aback,accidentally,carelessly,inadvertently,mistakenly,sudden,unconsciously,unexpectedly,unintentionally,unprepared,unwittingly,abruptly,ignorantly,unknowingly,unready,almighty,awful,especially,extra,mighty,oddly,peculiarly,plenty,powerful,rarely,real,right,uncommon,acutely,amply,considerably,dearly,emphatically,extensively,largely,notably,positively,powerfully,substantially,vastly,astonishingly,exaggeratedly,indispensably,pressingly,prodigiously,superlatively,surpassingly,exceptionally,unnaturally,astonishingly,exotically,fantastically,indescribably,unfamiliarly,almighty,awful,especially,extra,mighty,oddly,peculiarly,plenty,powerful,rarely,real,right,uncommon,terrifically
specially,abnormally,particularly,particularly,strangely,expressly,uncommonly,decidedly,extremely,very,wickedly,decidedly,very,strangely,easily,specially,terribly,terribly,especially,doubtless,wickedly,very,very,strangely,absolutely,severely,extraordinarily,beautiful,strangely,remarkably,extremely,rightly,decidedly,utterly,very,decidedly,extraordinarily,incredibly,strangely,certainly,extremely,strangely,strangely,strangely,seldom,separately,uncommonly,remarkably,specially,separately,uncommonly,uncommonly,decidedly,extremely,abnormally,very,wickedly,remarkably,decidedly,very,easily,specially,strangely,precise,strangely,terribly,precisely,precisely,alone,decidedly,remarkably,extremely,doubtless,remarkably,surprised,unwittingly,haphazardly,recklessly,falsely,unusual,unwittingly,suddenly,involuntarily,vulnerable,accidentally,suddenly,outwardly,unwittingly,tired,absolute,depressing,specially,supplementary,robust,strangely,strangely,wealth,dominant,seldom,actual,good,infrequent,severely,generously,far,greatly,certainly,largely,chiefly,particularly,easily,strongly,considerably,tremendously,decidedly,decidedly,decidedly,naturally,chiefly,extraordinarily,remarkably,abnormally,artificially,decidedly,uncommonly,uncommonly,uncommonly,uncommonly,absolute,depressing,specially,supplementary,robust,strangely,strangely,wealth,dominant,seldom,actual,good,infrequent,terribly
exclusively,especially,very,chiefly,very,especially,peculiarly,particularly,unusually,unusually,dreadfully,badly,unusually,very,certainly,exclusively,distinctly,distinctly,exceptionally,precisely,dreadfully,extremely,unreasonably,very,exactly,sadly,beautifully,cute,uncommonly,extremely,unusually,sincerely,eminently,awfully,unusually,badly,awfully,largely,very,plainly,unusually,bizarrely,very,very,barely,individually,peculiarly,extremely,exclusively,individually,peculiarly,peculiarly,particularly,unusually,especially,unusually,dreadfully,exceptionally,badly,unusually,certainly,exclusively,bizarrely,short-lived,bizarrely,distinctly,sharply,specially,independently,considerably,exceptionally,unusually,easily,extremely,confused,unintentionally,negligently,negligently,erroneously,rapid,unintentionally,unusually,accidentally,unaware,unintentionally,unexpectedly,short,unintentionally,sleepy,infinite,dreadful,exclusively,added,potent,peculiarly,bizarrely,plethora,impressive,barely,evident,legal,unusual,keenly,lavishly,markedly,affectionately,absolutely,broadly,generally,very,certainly,vigorously,essentially,exceedingly,particularly,particularly,particularly,unquestionably,generally,awfully,extremely,especially,peculiarly,particularly,peculiarly,peculiarly,peculiarly,peculiarly,infinite,dreadful,exclusively,added,potent,peculiarly,bizarrely,plethora,impressive,barely,evident,legal,unusual,distinctly
notably,particularly,markedly,mostly,uncommonly,specifically,unusually,absolutely,remarkably,extremely,truly,intensely,remarkably,uncommonly,absolutely,notably,downright,downright,notably,unconditionally,truly,completely,extremely,uncommonly,surely,passionately,remarkably,charming,especially,highly,remarkably,absolutely,deeply,excessively,extremely,intensely,terribly,tremendously,uncommonly,undoubtedly,remarkably,curiously,uncommonly,uncommonly,hardly,variously,unusually,highly,notably,variously,unusually,unusually,absolutely,remarkably,particularly,extremely,truly,uniquely,intensely,remarkably,absolutely,notably,curiously,brief,curiously,downright,plainly,specifically,personally,obviously,uniquely,remarkably,plainly,highly,,haphazardly,nonchalantly,accidentally,badly,unforeseen,unknowingly,quickly,inadvertently,ad-lib,unconsciously,precipitously,apparently,short,weary,divine,atrocious,notably,ancillary,huge,queerly,curiously,enough,capable,hardly,solid,honest,rare,suddenly,abundantly,rather,profoundly,assuredly,greatly,mostly,markedly,emphatically,forcefully,heavily,greatly,absolutely,absolutely,absolutely,undoubtedly,mostly,terribly,highly,particularly,strangely,absolutely,unusually,unusually,unusually,unusually,divine,atrocious,notably,ancillary,huge,queerly,curiously,enough,capable,hardly,solid,honest,rare,downright
specifically,,greatly,largely,extraordinarily,uniquely,remarkably,awfully,exceptionally,exceptionally,terribly,mightily,extremely,exceptionally,indeed,specifically,clearly,clearly,principally,exactly,terribly,greatly,,exceptionally,assuredly,thoroughly,marvelously,pleasant,fabulously,exceedingly,exceptionally,exactly,tremendously,remarkably,exceptionally,mightily,excessively,markedly,extraordinarily,obviously,exceptionally,unusually,extraordinarily,exceptionally,infrequently,negatively,remarkably,specially,specifically,negatively,remarkably,remarkably,awfully,exceptionally,,exceptionally,terribly,especially,mightily,extremely,indeed,specifically,unusually,terse,uncommonly,clearly,unmistakably,plainly,singly,greatly,especially,exceptionally,absolutely,specially,,fortuitously,hastily,unwittingly,erringly,precipitous,carelessly,accidentally,incidentally,ill-considered,unawarely,unanticipatedly,carelessly,aback,lackadaisical,everlasting,horrific,specifically,additional,enormous,ridiculously,unusually,luxury,influential,infrequently,authentic,appropriate,surprising,,extensively,greatly,very,flatly,,widely,greatly,undoubtedly,effectively,largely,extremely,awfully,awfully,awfully,automatically,widely,excessively,extraordinarily,,uncommonly,awfully,remarkably,remarkably,remarkably,remarkably,everlasting,horrific,specifically,additional,enormous,ridiculously,unusually,luxury,influential,infrequently,authentic,appropriate,surprising,clearly
principally,,remarkably,generally,awfully,distinctively,rarely,profoundly,strangely,especially,excessively,desperately,thus,extraordinarily,well,principally,positively,positively,unusually,unquestionably,excessively,thoroughly,,extraordinarily,positively,profoundly,magnificently,elegant,astonishingly,greatly,strangely,actually,exceptionally,unduly,especially,desperately,vastly,mightily,awfully,openly,strangely,eccentrically,awfully,extraordinarily,extra,perfectly,rarely,exclusively,principally,specially,rarely,rarely,profoundly,strangely,,especially,excessively,exclusively,desperately,thus,well,principally,eccentrically,shortened,peculiarly,positively,surely,specifically,severally,notably,exclusively,strangely,decidedly,exclusively,,,sloppily,rashly,inadvisedly,hasty,habitually,circumstantially,unthinkingly,impromptu,,,casually,accidentally,passive,immortal,distressing,principally,unnecessary,imposing,unusually,eccentrically,torrent,forceful,extra,sincere,legitimate,remarkable,,richly,somewhat,tenderly,distinctly,,principally,remarkably,firmly,intensely,extensively,enormously,profoundly,profoundly,profoundly,decidedly,principally,vastly,awfully,,abnormally,profoundly,rarely,rarely,rarely,rarely,immortal,distressing,principally,unnecessary,imposing,unusually,eccentrically,torrent,forceful,extra,sincere,legitimate,remarkable,positively
chiefly,,conspicuously,notably,terribly,,uniquely,excessively,extra,notably,dreadfully,thoroughly,then,awfully,actually,chiefly,really,really,specially,actually,dreadfully,totally,,awfully,unquestionably,seriously,admirably,good-looking,,notably,extra,very,extraordinarily,overly,notably,thoroughly,unusually,notably,terribly,definitely,extra,queerly,terribly,awfully,extraordinarily,fully,uniquely,notably,chiefly,exclusively,uniquely,uniquely,excessively,extra,,notably,dreadfully,specially,thoroughly,then,actually,chiefly,queerly,abbreviated,unusually,really,,categorically,apart,remarkably,specially,extra,obviously,notably,,,irresponsibly,heedlessly,,abrupt,abstractedly,unawares,,improvised,,,hastily,carelessly,careless,great,tough,chiefly,extraneous,magnificent,inexplicably,queerly,quantity,persuasive,extraordinarily,certain,proper,exceptional,,properly,substantially,devotedly,unequivocally,,broadly,conspicuously,amen,energetically,materially,hugely,excessively,excessively,excessively,particularly,broadly,unusually,terribly,,perversely,excessively,uniquely,uniquely,uniquely,uniquely,great,tough,chiefly,extraneous,magnificent,inexplicably,queerly,quantity,persuasive,extraordinarily,certain,proper,exceptional,really
peculiarly,,strikingly,basically,so,,surprisingly,remarkably,irregularly,,quite,seriously,therefore,singularly,unquestionably,strangely,determinedly,determinedly,surprisingly,definitely,quite,dearly,,singularly,cert,surely,amazingly,neat,,suitably,irregularly,definitely,profoundly,too,,seriously,remarkably,indeed,so,surely,irregularly,,so,singularly,extremely,absolutely,surprisingly,specifically,strangely,notably,surprisingly,surprisingly,remarkably,irregularly,,,quite,,seriously,therefore,unquestionably,strangely,,small,remarkably,determinedly,,unequivocally,exclusively,conspicuously,,irregularly,finally,specifically,,,incautiously,involuntarily,,immediate,automatically,startlingly,,offhand,,,ostensibly,inadvertently,apathetic,desperate,harrowing,peculiarly,unused,large,,,profusion,dynamic,extremely,substantial,honorable,noteworthy,,adequately,remarkably,fondly,decisively,,predominantly,strikingly,assuredly,forcibly,really,largely,remarkably,remarkably,remarkably,absolutely,predominantly,remarkably,excessively,,synthetically,remarkably,surprisingly,surprisingly,surprisingly,surprisingly,desperate,harrowing,peculiarly,unused,large,,,profusion,dynamic,extremely,substantial,honorable,noteworthy,determinedly
eminently,,prominently,predominantly,remarkably,,startlingly,certainly,occasionally,,extremely,notoriously,therefore,terribly,surely,very,unmistakably,unmistakably,peculiarly,surely,extremely,,,terribly,posolutely,intensely,spectacularly,graceful,,very,occasionally,honestly,terribly,acutely,,notoriously,highly,vastly,remarkably,distinctly,occasionally,,remarkably,terribly,little,totally,strikingly,principally,very,specifically,startlingly,startlingly,certainly,occasionally,,,extremely,,notoriously,therefore,surely,very,,thick,rarely,unmistakably,,pointedly,distinctively,strikingly,,occasionally,unquestionably,principally,,,offhandedly,,,quick,disregardfully,fortuitously,,spontaneous,,,partially,mistakenly,inattentive,extreme,horrible,eminently,extraordinary,massive,,,mine,potent,little,positive,suitable,singular,,liberally,appreciably,yearningly,decidedly,,abundantly,prominently,doubtless,hard,mainly,mightily,certainly,certainly,certainly,awfully,decidedly,highly,vastly,,,certainly,startlingly,startlingly,startlingly,startlingly,extreme,horrible,eminently,extraordinary,massive,,,mine,potent,little,positive,suitable,singular,unmistakably
expressly,,noticeably,importantly,really,,strikingly,deeply,oddly,,hugely,awfully,then,so,literally,uncommonly,utterly,emphatically,decidedly,truly,hugely,,,so,,acutely,strikingly,lovely,,conspicuously,oddly,surely,exceedingly,very,,awfully,extremely,highly,really,precisely,oddly,,really,so,notably,exclusively,curiously,chiefly,uncommonly,principally,strikingly,strikingly,deeply,oddly,,,hugely,,awfully,then,literally,uncommonly,,tiny,uniquely,emphatically,,unmistakably,restrictedly,noticeably,,oddly,surely,chiefly,,,rashly,,,swift,heedlessly,unawares,,surprised,,,skim,sudden,indifferent,invincible,disgusting,expressly,fresh,towering,,,avalanche,authoritative,notably,legitimate,true,abnormal,,appropriately,noticeably,,entirely,,considerably,noticeably,flat,mightily,much,much,deeply,deeply,deeply,profoundly,particularly,extremely,unusually,,,deeply,strikingly,strikingly,strikingly,strikingly,invincible,disgusting,expressly,fresh,towering,,,avalanche,authoritative,notably,legitimate,true,abnormal,utterly
extraordinarily,,distinctly,primarily,surprisingly,,curiously,wonderfully,particularly,,immensely,exceedingly,very,really,honestly,extraordinarily,awfully,absolutely,distinctly,positively,immensely,,,really,,genuinely,stunningly,handsome,,outstandingly,particularly,positively,so,uncommonly,,exceedingly,really,extremely,surprisingly,apparently,particularly,,surprisingly,really,singularly,wholly,abnormally,extraordinarily,extraordinarily,chiefly,curiously,curiously,wonderfully,particularly,,,immensely,,exceedingly,very,honestly,extraordinarily,,low,surprisingly,absolutely,,explicitly,,clearly,,particularly,clearly,decidedly,,,inattentively,,,accelerated,inattentively,,,unexpected,,,externally,unconsciously,dull,mighty,appalling,extraordinarily,supplemental,boss,,,copiousness,mighty,singularly,undeniable,perfect,startling,,completely,well,,undoubtedly,,extensively,distinctly,indubitably,severely,,,wonderfully,wonderfully,wonderfully,excessively,absolutely,really,remarkably,,,wonderfully,curiously,curiously,curiously,curiously,mighty,appalling,extraordinarily,supplemental,boss,,,copiousness,mighty,singularly,undeniable,perfect,startling,awfully
mainly,,exceedingly,eminently,curiously,,abnormally,pretty,peculiarly,,clumsily,greatly,well,surprisingly,truly,awfully,excessively,bloody,expressly,really,clumsily,,,surprisingly,,affectingly,excellently,fairly,,prominently,peculiarly,genuinely,greatly,quite,,greatly,enormously,remarkably,curiously,evidently,peculiarly,,curiously,surprisingly,uncommon,thoroughly,amazingly,awfully,awfully,uncommonly,abnormally,abnormally,pretty,peculiarly,,,clumsily,,greatly,well,truly,awfully,,abbreviated,startlingly,bloody,,especially,,especially,,peculiarly,unequivocally,considerably,,,neglectfully,,,acute,neglectfully,,,unplanned,,,extraneously,unexpectedly,lethargic,omnipotent,frightful,mainly,new,doughty,,,prosperity,compelling,uncommon,palpable,sure,extraordinary,,enough,quite,,,,generously,exceedingly,sure,,,,pretty,pretty,pretty,remarkably,awfully,enormously,highly,,,pretty,abnormally,abnormally,abnormally,abnormally,omnipotent,frightful,mainly,new,doughty,,,prosperity,compelling,uncommon,palpable,sure,extraordinary,excessively
markedly,,exceptionally,especially,terrifically,,amazingly,incredibly,rarely,,inadequately,dreadfully,thus,curiously,undoubtedly,terribly,remarkably,powerful,individually,categorically,inadequately,,,curiously,,distressingly,well,rather,,strikingly,rarely,legitimately,vastly,intensely,,dreadfully,strikingly,enormously,terrifically,positively,rarely,,terrifically,curiously,uncommonly,only,suddenly,terribly,terribly,peculiarly,extraordinarily,amazingly,incredibly,rarely,,,inadequately,,dreadfully,thus,undoubtedly,terribly,,poor,strikingly,powerful,,exactly,,evidently,,rarely,undeniably,obviously,,,thoughtlessly,,,expeditious,thoughtlessly,,,unrehearsed,,,flimsily,unintentionally,vulnerable,supreme,ugly,markedly,further,hardy,,,capacity,vigorous,uncommonly,honest,valid,strange,,greatly,,,,,grandly,exceptionally,surely,,,,incredibly,incredibly,incredibly,certainly,profoundly,strikingly,extremely,,,incredibly,amazingly,amazingly,amazingly,amazingly,supreme,ugly,markedly,further,hardy,,,capacity,vigorous,uncommonly,honest,valid,strange,remarkably
oddly,,extremely,essentially,almighty,,queerly,eminently,seldom,,incompletely,remarkably,quite,almighty,genuinely,so,unduly,real,markedly,thoroughly,incompletely,,,almighty,,feelingly,miraculously,quite,,surpassingly,seldom,accurately,extremely,highly,,remarkably,hugely,immeasurably,almighty,seemingly,seldom,,almighty,almighty,unusually,utterly,unusually,excessively,so,unusually,beautifully,queerly,eminently,seldom,,,incompletely,,remarkably,quite,genuinely,so,,limited,curiously,real,,intentionally,,particularly,,seldom,absolutely,greatly,,,unconcernedly,,,fast,unthinkingly,,,unschooled,,,frivolously,unprepared,unaware,unlimited,unpleasant,oddly,leftover,indomitable,,,lots,robust,unusually,physical,proper,egregious,,profusely,,,,,lavishly,extremely,unquestionably,,,,eminently,eminently,eminently,deeply,excessively,hugely,really,,,eminently,queerly,queerly,queerly,queerly,unlimited,unpleasant,oddly,leftover,indomitable,,,lots,robust,unusually,physical,proper,egregious,unduly
preeminently,,highly,fundamentally,awful,,exceptionally,uncommonly,very,,poorly,highly,too,awful,legitimately,remarkably,overly,right,singularly,wholly,poorly,,,awful,,gravely,,reasonably,,,very,constantly,remarkably,totally,,highly,inordinately,hugely,awful,far,very,,awful,awful,remarkably,altogether,quickly,vastly,remarkably,remarkably,remarkably,exceptionally,uncommonly,very,,,poorly,,highly,too,legitimately,remarkably,,shy,abnormally,right,,particularly,,manifestly,,very,literally,notably,,,unmindfully,,,flash,,,,unskilled,,,aback,unwittingly,forced,puissant,ghastly,preeminently,other,lusty,,,masses,energetic,remarkably,original,correct,bizarre,,rightly,,,,,magnificently,highly,doubtlessly,,,,uncommonly,uncommonly,uncommonly,wonderfully,remarkably,inordinately,enormously,,,uncommonly,exceptionally,exceptionally,exceptionally,exceptionally,puissant,ghastly,preeminently,other,lusty,,,masses,energetic,remarkably,original,correct,bizarre,overly
primarily,,uncommonly,materially,especially,,unnaturally,truly,sporadically,,disgracefully,extremely,indeed,especially,assuredly,really,too,strongly,uncommonly,completely,disgracefully,,,especially,,mournfully,,moderately,,,sporadically,correctly,really,severely,,extremely,especially,immensely,especially,markedly,sporadically,,especially,especially,finely,alone,queerly,unusually,really,rarely,marvelously,unnaturally,truly,sporadically,,,disgracefully,,extremely,indeed,assuredly,really,,slim,amazingly,strongly,,absolutely,,outstandingly,,sporadically,strictly,remarkably,,,,,,fleet,,,,untrained,,,accidentally,abruptly,afraid,all-powerful,dire,primarily,special,muscular,,,flood,all-powerful,finely,absolute,true,unique,,satisfactorily,,,,,mainly,uncommonly,categorically,,,,truly,truly,truly,pretty,certainly,incredibly,strikingly,,,truly,unnaturally,unnaturally,unnaturally,unnaturally,all-powerful,dire,primarily,special,muscular,,,flood,all-powerful,finely,absolute,true,unique,too
singularly,,hugely,peculiarly,extra,,astonishingly,highly,,,disreputably,unbelievably,apparently,extra,indubitably,surprisingly,acutely,sure,explicitly,utterly,disreputably,,,extra,,movingly,,appealing,,,,faithfully,strikingly,exceptionally,,unbelievably,greatly,abundantly,extra,rather,,,extra,extra,unfrequently,quite,exceptionally,remarkably,surprisingly,uniquely,magnificently,astonishingly,highly,,,,disreputably,,unbelievably,apparently,indubitably,surprisingly,,slender,strangely,sure,,clearly,,patently,,,altogether,conspicuously,,,,,,headlong,,,,napping,,,carelessly,ignorantly,evasive,boundless,horrendous,singularly,auxiliary,omnipotent,,,sufficiency,able,unfrequently,substantive,good,odd,,substantially,,,,,overall,hugely,undeniably,,,,highly,highly,highly,incredibly,deeply,largely,hugely,,,highly,astonishingly,astonishingly,astonishingly,astonishingly,boundless,horrendous,singularly,auxiliary,omnipotent,,,sufficiency,able,unfrequently,substantive,good,odd,acutely
strangely,,outstandingly,preeminently,mighty,,exotically,extremely,,,reprehensibly,horribly,therefore,mighty,positively,terrifically,very,surely,outstandingly,fully,reprehensibly,,,mighty,,,,boss,,,,firmly,hugely,extraordinarily,,horribly,powerful,eminently,mighty,greatly,,,mighty,mighty,unoften,solely,unnaturally,highly,terrifically,surprisingly,admirably,exotically,extremely,,,,reprehensibly,,horribly,therefore,positively,terrifically,,tight,peculiarly,surely,,decidedly,,signally,,,specifically,strikingly,,,,,,hurried,,,,unready,,,inadvertently,surprisingly,unenthusiastic,celestial,gruesome,strangely,bonus,stalwart,,,affluence,almighty,unoften,true,decent,peculiar,,suitably,,,,,primarily,outstandingly,unequivocally,,,,extremely,extremely,extremely,eminently,wonderfully,tremendously,inordinately,,,extremely,fantastically,exotically,exotically,exotically,celestial,gruesome,strangely,bonus,stalwart,,,affluence,almighty,unoften,true,decent,peculiar,very
uncommonly,,reputably,substantially,oddly,,fantastically,extraordinarily,,,shoddily,frightfully,hence,oddly,precisely,strangely,uncommonly,decisively,,entirely,shoddily,,,oddly,,,,cheerful,,,,honorably,supremely,terribly,,frightfully,immoderately,emphatically,oddly,somewhat,,,oddly,oddly,,specially,astonishingly,extremely,strangely,startlingly,spectacularly,fantastically,extraordinarily,,,,shoddily,,frightfully,hence,precisely,strangely,,terse,ridiculously,decisively,,directly,,,,,truly,noticeably,,,,,,impetuous,,,,winged,,,mistakenly,unready,resistant,deathless,nasty,uncommonly,gravy,steamroller,,,store,authoritarian,,sound,acceptable,unimaginable,,thoroughly,,,,,commodiously,reputably,unmistakably,,,,extraordinarily,extraordinarily,extraordinarily,uncommonly,pretty,markedly,utterly,,,extraordinarily,indescribably,indescribably,fantastically,fantastically,deathless,nasty,uncommonly,gravy,steamroller,,,store,authoritarian,,sound,acceptable,unimaginable,uncommonly
unusually,,signally,universally,peculiarly,,indescribably,terribly,,,unforgivably,fearfully,fit,peculiarly,verily,bizarrely,quite,terrifically,,decidedly,unforgivably,,,peculiarly,,,,comely,,,,loyally,immensely,exceedingly,,fearfully,superlatively,exceedingly,peculiarly,substantially,,,peculiarly,peculiarly,,exclusively,exotically,really,bizarrely,strikingly,strikingly,indescribably,terribly,,,,unforgivably,,fearfully,fit,verily,bizarrely,,sharp,unusually,terrifically,,distinctly,,,,,completely,particularly,,,,,,impromptu,,,,,,,sudden,carelessly,loath,enduring,hideous,unusually,supernumerary,stout,,,volume,cogent,,firm,desirable,rare,,well,,,,,comprehensively,signally,,,,,terribly,terribly,terribly,truly,incredibly,mightily,awfully,,,terribly,unfamiliarly,unfamiliarly,unfamiliarly,indescribably,enduring,hideous,unusually,supernumerary,stout,,,volume,cogent,,firm,desirable,rare,quite
wonderfully,,,cardinally,plenty,,unfamiliarly,exceedingly,,,unpleasantly,markedly,hence,plenty,admittedly,uncommonly,intensely,unequivocally,,easily,unpleasantly,,,plenty,,,,dainty,,,,precisely,awful,unusually,,markedly,surpassingly,exceptionally,plenty,remarkably,,,plenty,plenty,,notably,fantastically,enormously,uncommonly,curiously,stunningly,unfamiliarly,exceedingly,,,,unpleasantly,,markedly,hence,admittedly,uncommonly,,straight,inexplicably,unequivocally,,outright,,,,,definitely,very,,,,,,impulsive,,,,,,,unconsciously,habitually,averse,eternal,shocking,wonderfully,needless,strapping,,,fund,commanding,,right,ideal,remarkable,,acceptably,,,,,copiously,,,,,,exceedingly,exceedingly,exceedingly,highly,eminently,notably,excessively,,,exceedingly,,,,,eternal,shocking,wonderfully,needless,strapping,,,fund,commanding,,right,ideal,remarkable,intensely
remarkably,,,dominantly,powerful,,,greatly,,,wretchedly,much,true,powerful,authentically,peculiarly,highly,,,conclusively,wretchedly,,,powerful,,,,darling,,,,reliably,awfully,terrifically,,much,vitally,incomparably,powerful,appreciably,,,powerful,powerful,,specifically,indescribably,hugely,peculiarly,amazingly,queerly,,greatly,,,,wretchedly,,much,true,authentically,peculiarly,,brief,unusually,,,positively,,,,,correctly,markedly,,,,,,precipitate,,,,,,,unexpectedly,abstractedly,reluctant,godly,horrifying,remarkably,perk,strong,,,peck,competent,,material,common,singular,,bountifully,,,,,expansively,,,,,,greatly,greatly,greatly,extremely,uncommonly,indeed,remarkably,,,greatly,,,,,godly,horrifying,remarkably,perk,strong,,,peck,competent,,material,common,singular,highly
abnormally,,,prevailingly,rarely,,,unusually,,,badly,unfortunately,indefinitely,rarely,categorically,unusually,totally,,,decisively,badly,,,rarely,,,,delicate,,,,steadily,bloody,immensely,,unfortunately,,infinitely,rarely,decidedly,,,rarely,rarely,,principally,unfamiliarly,inordinately,unusually,peculiarly,exceptionally,,unusually,,,,badly,,unfortunately,indefinitely,categorically,unusually,,fragile,eccentrically,,,manifestly,,,,,indeed,greatly,,,,,,rash,,,,,,,unintentionally,automatically,compelled,heavenly,abominable,abnormally,lagniappe,sturdy,,,oodles,controlling,,concrete,convenient,noteworthy,,capaciously,,,,,extravagantly,,,,,,unusually,unusually,unusually,extraordinarily,truly,vastly,unduly,,,unusually,,,,,heavenly,abominable,abnormally,lagniappe,sturdy,,,oodles,controlling,,concrete,convenient,noteworthy,totally
conspicuously,,,prevalently,real,,,surprisingly,,,greatly,unhappily,infinitely,real,unmistakably,remarkably,severely,,,unambiguously,greatly,,,real,,,,delightful,,,,truthfully,jolly,strikingly,,unhappily,,intensely,real,considerably,,,real,real,,chiefly,unawares,utterly,remarkably,queerly,unnaturally,,surprisingly,,,,greatly,,unhappily,infinitely,unmistakably,remarkably,,crisp,exceptionally,,,,,,,,carefully,remarkably,,,,,,rushing,,,,,,,unprepared,disregardfully,testing,omnipotent,alarming,conspicuously,button,vigorous,,,deluge,convincing,,stable,proper,extraordinary,,copiously,,,,,immoderately,,,,,,surprisingly,surprisingly,surprisingly,terribly,highly,highly,overly,,,surprisingly,,,,,omnipotent,alarming,conspicuously,button,vigorous,,,deluge,convincing,,stable,proper,extraordinary,severely
curiously,,,superlatively,right,,,noticeably,,,indeed,discouragingly,such,right,,rarely,exceptionally,,,consummately,indeed,,,right,,,,eyeful,,,,authentically,mighty,hugely,,discouragingly,,most,right,obviously,,,right,right,,particularly,,awfully,rarely,adversely,astonishingly,,noticeably,,,,indeed,,discouragingly,such,,rarely,,condensed,unnaturally,,,,,,,,precisely,conspicuously,,,,,,spasmodic,,,,,,,unwittingly,heedlessly,suspect,omnipresent,deplorable,curiously,inessential,puissant,,,fruitfulness,effectual,,existent,suitable,unparalleled,,fittingly,,,,,imposingly,,,,,,noticeably,noticeably,noticeably,exceedingly,extremely,extremely,too,,,noticeably,,,,,omnipresent,deplorable,curiously,inessential,puissant,,,fruitfulness,effectual,,existent,suitable,unparalleled,exceptionally
outstandingly,,,supremely,uncommon,,,actual,,,much,disturbingly,vaguely,uncommon,,uniquely,extraordinarily,,,,much,,,uncommon,,,,fair,,,,confirmedly,notably,inordinately,,disturbingly,,much,uncommon,greatly,,,uncommon,uncommon,,hardly,,excessively,uniquely,unusually,exotically,,actual,,,,much,,disturbingly,vaguely,,uniquely,,fleeting,astonishingly,,,,,,,,totally,strikingly,,,,,,precipitant,,,,,,,abruptly,inattentively,short,omniscient,fearful,outstandingly,tip,powerhouse,,,mass,efficacious,,essential,sufficient,unique,,plenteously,,,,,liberally,,,,,,strangely,acutely,necessarily,greatly,extraordinarily,remarkably,acutely,,,strangely,,,,,omniscient,fearful,outstandingly,tip,powerhouse,,,mass,efficacious,,essential,sufficient,unique,extraordinarily
signally,,,vitally,,,,appropriate,,,,drastically,indeterminately,terrifically,,surprisingly,terribly,,,,,,,terrifically,,,,fine,,,,devotedly,plenty,almighty,,drastically,,powerfully,,notably,,,,terrifically,,merely,,remarkably,surprisingly,antagonistically,fantastically,,appropriate,,,,,,drastically,indeterminately,,surprisingly,,abbreviate,exotically,,,,,,,,quite,prominently,,,,,,quickened,,,,,,,surprisingly,neglectfully,dubious,deific,gross,signally,ice,strengthy,,,opulence,forcible,,present,correct,unthinkable,,plentifully,,,,,prodigally,,,,,,uncommonly,amply,originally,unusually,terribly,enormously,very,,,uncommonly,,,,,deific,gross,signally,ice,strengthy,,,opulence,forcible,,present,correct,unthinkable,terribly
strikingly,,,,,,,authentic,,,,gravely,uncertainly,,,startlingly,exceedingly,,,,,,,,,,,foxy,,,,factually,powerful,markedly,,gravely,,inimitably,,remarkably,,,,,,purely,,unduly,startlingly,antithetically,indescribably,,authentic,,,,,,gravely,uncertainly,,startlingly,,pointed,fantastically,,,,,,,,plainly,noticeably,,,,,,speeded,,,,,,,unknowingly,thoughtlessly,experimental,illimitable,grungy,strikingly,surplus,wieldy,,,heaps,omnipotent,,corporal,happy,unprecedented,,,,,,,prodigiously,,,,,,especially,considerably,approximately,surprisingly,exceedingly,immeasurably,uncommonly,,,especially,,,,,illimitable,grungy,strikingly,surplus,wieldy,,,heaps,omnipotent,,corporal,happy,unprecedented,exceedingly
supremely,,,,,,,bare,,,,staggeringly,consequently,,,strikingly,unusually,,,,,,,,,,,nice,,,,righteously,real,mortally,,staggeringly,,conspicuously,,conspicuously,,,,,,simply,,overly,strikingly,asymmetrically,unfamiliarly,,bare,,,,,,staggeringly,consequently,,strikingly,,little,indescribably,,,,,,,,specifically,especially,,,,,,subito,,,,,,,unready,unthinkingly,flaky,all-knowing,offensive,supremely,spare,august,,,mountains,paramount,,bodily,wise,aberrant,,,,,,,voluminously,,,,,,fabulously,dearly,truly,noticeably,greatly,hugely,quite,,,fabulously,,,,,all-knowing,offensive,supremely,spare,august,,,mountains,paramount,,bodily,wise,aberrant,unusually
unaccountably,,,,,,,correct,,,,,accurate,,,abnormally,immensely,,,,,,,,,,,picture,,,,staunchly,right,notably,,,,famously,,strikingly,,,,,,alone,,too,abnormally,conflictingly,excellently,,correct,,,,,,,accurate,,abnormally,,summary,unfamiliarly,,,,,,,,categorically,exceptionally,,,,,,,,,,,,,,,new,all-seeing,raunchy,unaccountably,plus,bulky,,,piles,preeminent,,corporeal,reasonable,anomalous,,,,,,,,,,,,,uncommonly,emphatically,permanently,crucially,unusually,immensely,intensely,,,uncommonly,,,,,all-seeing,raunchy,unaccountably,plus,bulky,,,piles,preeminent,,corporeal,reasonable,anomalous,immensely
uncustomarily,,,,,,,especial,,,,,correct,,,amazingly,strikingly,,,,,,,,,,,pleasing,,,,unequivocally,parlous,over,,,,glaringly,,particularly,,,,,,entirely,,acutely,amazingly,contradictorily,well,,especial,,,,,,,correct,,amazingly,,bare,,,,,,,,,unequivocally,notably,,,,,,,,,,,,,,,pre-release,pervading,repulsive,uncustomarily,more,colossal,,,cornucopia,prevailing,,existing,normal,arcane,,,,,,,,,,,,,peculiarly,extensively,virtually,accordingly,surprisingly,correctly,highly,,,peculiarly,,,,,pervading,repulsive,uncustomarily,more,colossal,,,cornucopia,prevailing,,existing,normal,arcane,strikingly
uniquely,,,,,,,express,,,,,exact,,,strangely,hugely,,,,,,,,,,,tasteful,,,,veraciously,mucho,plenty,,,,incalculably,,very,,,,,,solely,,very,strangely,contrarily,miraculously,,express,,,,,,,exact,,strangely,,diminished,,,,,,,,,pointedly,principally,,,,,,,,,,,,,,,comatose,awful,stinking,uniquely,fuss,considerable,,,loads,ruling,,factual,clear,curious,,,,,,,,,,,,,unusually,largely,substantially,consequently,noticeably,wonderfully,totally,,,unusually,,,,,awful,stinking,uniquely,fuss,considerable,,,loads,ruling,,factual,clear,curious,hugely
,,,,,,,genuine,,,,,accordingly,,,very,inordinately,,,,,,,,,,,beauteous,,,,veritably,surpassingly,powerful,,,,strikingly,,markedly,,,,,,expressly,,uncommonly,very,contrastingly,,,genuine,,,,,,,accordingly,,very,,compressed,,,,,,,,,unmistakably,unusually,,,,,,,,,,,,,,,dilatory,enormous,synthetic,,reserve,dynamic,,,stacks,sovereign,,heartfelt,straight,eccentric,,,,,,,,,,,,,remarkably,notably,actually,fundamentally,abundantly,admirably,severely,,,remarkably,,,,,enormous,synthetic,,reserve,dynamic,,,stacks,sovereign,,heartfelt,straight,eccentric,inordinately
,,,,,,,ideal,,,,,afterward,,,uncommonly,decidedly,,,,,,,,,,,looker,,,,,terrifically,radically,,,,superlatively,,greatly,,,,,,especially,,quite,uncommonly,contrastively,,,ideal,,,,,,,afterward,,uncommonly,,summarized,,,,,,,,,especially,specially,,,,,,,,,,,,,,,drowsy,excessive,unsightly,,gingerbread,eminent,,,,stalwart,,incarnate,away,exotic,,,,,,,,,,,,,rarely,positively,typically,indubitably,considerably,flawlessly,exceptionally,,,rarely,,,,,excessive,unsightly,,gingerbread,eminent,,,,stalwart,,incarnate,away,exotic,decidedly
,,,,,,,identical,,,,,because,,,exceptionally,eminently,,,,,,,,,,,pulchritudinous,,,,,,rarely,,,,supremely,,remarkably,,,,,,specifically,,intensely,exceptionally,discordantly,,,identical,,,,,,,because,,exceptionally,,decreased,,,,,,,,,exceptionally,surprisingly,,,,,,,,,,,,,,,idle,intense,grody,,supernumerary,extensive,,,,strapping,,indubitable,claim,extreme,,,,,,,,,,,,,uniquely,powerfully,quite,perforce,extensively,impeccably,extraordinarily,,,uniquely,,,,,intense,grody,,supernumerary,extensive,,,,strapping,,indubitable,claim,extreme,eminently
,,,,,,,indubitable,,,,,consequently,,,extraordinarily,deeply,,,,,,,,,,,cher,,,,,,ultra,,,,surpassingly,,conspicuously,,,,,,remarkably,,highly,extraordinarily,disparately,,,indubitable,,,,,,,consequently,,extraordinarily,,lessened,,,,,,,,,notably,peculiarly,,,,,,,,,,,,,,,indolent,loud,,,extension,extraordinary,,,,sturdy,,intrinsic,license,fantastic,,,,,,,,,,,,,surprisingly,substantially,really,positively,generously,exquisitely,terribly,,,surprisingly,,,,,loud,,,extension,extraordinary,,,,sturdy,,intrinsic,license,fantastic,deeply
,,,,,,,mere,,,,,ergo,,,awfully,tremendously,,,,,,,,,,,dishy,,,,,,violently,,,,,,strikingly,,,,,,exceptionally,,totally,awfully,dissimilarly,,,mere,,,,,,,ergo,,awfully,,curtailed,,,,,,,,,principally,peculiarly,,,,,,,,,,,,,,,inert,terrible,,,addition,grand,,,,supreme,,irrefutable,business,few,,,,,,,,,,,,,startlingly,vastly,fundamentally,willy-nilly,grandly,superbly,exceedingly,,,startlingly,,,,,terrible,,,addition,grand,,,,supreme,,irrefutable,business,few,tremendously
,,,,,,,model,,,,,exact,,,singularly,exceptionally,,,,,,,,,,,dreamboat,,,,,,overmuch,,,,,,prominently,,,,,,uncommonly,,severely,singularly,distinctively,,,model,,,,,,,exact,,singularly,,compact,,,,,,,,,unusually,exceedingly,,,,,,,,,,,,,,,laggard,,,,complement,great,,,,telling,,live,power,freakish,,,,,,,,,,,,,strikingly,astonishingly,acutely,axiomatically,lavishly,supremely,unusually,,,strikingly,,,,,,,,complement,great,,,,telling,,live,power,freakish,exceptionally
,,,,,,,perfect,,,,,likewise,,,terribly,extraordinarily,,,,,,,,,,,ample,,,,,,parlous,,,,,,certainly,,,,,,peculiarly,,exceptionally,terribly,divergently,,,perfect,,,,,,,likewise,,terribly,,stunted,,,,,,,,,specially,greatly,,,,,,,,,,,,,,,languid,,,,affix,heroic,,,,weighty,,perceptible,freedom,irregular,,,,,,,,,,,,,curiously,indispensably,amply,cardinally,magnificently,particularly,terrifically,,,curiously,,,,,,,,affix,heroic,,,,weighty,,perceptible,freedom,irregular,extraordinarily
,,,,,,,plain,,,,,similarly,,,so,profoundly,,,,,,,,,,,large,,,,,,drastically,,,,,,plainly,,,,,,unusually,,extraordinarily,so,diversely,,,plain,,,,,,,similarly,,so,,little,,,,,,,,,surprisingly,notably,,,,,,,,,,,,,,,lifeless,,,,adjunct,high,,,,wicked,,rightful,authority,nondescript,,,,,,,,,,,,,abnormally,pressingly,considerably,compulsorily,mainly,chiefly,immensely,,,abnormally,,,,,,,,adjunct,high,,,,wicked,,rightful,authority,nondescript,profoundly
,,,,,,,precise,,,,,sic,,,really,terribly,,,,,,,,,,,much,,,,,,exorbitantly,,,,,,undoubtedly,,,,,,remarkably,,terribly,really,hostilely,,,precise,,,,,,,sic,,really,,squat,,,,,,,,,expressly,suitably,,,,,,,,,,,,,,,loafing,,,,supplement,illustrious,,,,puissant,,sensible,priority,novel,,,,,,,,,,,,,amazingly,prodigiously,dearly,exigently,overall,mostly,strikingly,,,amazingly,,,,,,,,supplement,illustrious,,,,puissant,,sensible,priority,novel,terribly
,,,,,,,pure,,,,,,,,surprisingly,exceedingly,,,,,,,,,,,notable,,,,,,immoderately,,,,,,clearly,,,,,,rarely,,exceedingly,surprisingly,incompatibly,,,pure,,,,,,,,,surprisingly,,wee,,,,,,,,,deliberately,very,,,,,,,,,,,,,,,neglectful,,,,attachment,immense,,,,overruling,,tangible,benefit,original,,,,,,,,,,,,,remarkably,superlatively,emphatically,incontrovertibly,primarily,largely,hugely,,,remarkably,,,,,,,,attachment,immense,,,,overruling,,tangible,benefit,original,exceedingly
,,,,,,,right,,,,,,,,peculiarly,so,,,,,,,,,,,sizable,,,,,,prohibitively,,,,,,definitely,,,,,,surprisingly,,unusually,peculiarly,incongruously,,,right,,,,,,,,,peculiarly,,slight,,,,,,,,,knowingly,conspicuously,,,,,,,,,,,,,,,remiss,,,,appendage,impressive,,,,strengthy,,unaffected,interest,prodigious,,,,,,,,,,,,,extraordinarily,surpassingly,extensively,ineluctably,commodiously,generally,inordinately,,,extraordinarily,,,,,,,,appendage,impressive,,,,strengthy,,unaffected,interest,prodigious,so
,,,,,,,same,,,,,,,,queerly,greatly,,,,,,,,,,,some,,,,,,surpassingly,,,,,,surely,,,,,,startlingly,,terrifically,queerly,nonconformably,,,same,,,,,,,,,queerly,,diminutive,,,,,,,,,consciously,prominently,,,,,,,,,,,,,,,shiftless,,,,addendum,intense,,,,wieldy,,undoubted,immunity,queer,,,,,,,,,,,,,queerly,,largely,inescapably,comprehensively,notably,incredibly,,,queerly,,,,,,,,addendum,intense,,,,wieldy,,undoubted,immunity,queer,greatly
,,,,,,,sheer,,,,,,,,eminently,vastly,,,,,,,,,,,something,,,,,,vitally,,,,,,apparently,,,,,,strikingly,,immensely,eminently,oppositely,,,sheer,,,,,,,,,eminently,,petite,,,,,,,,,willfully,strikingly,,,,,,,,,,,,,,,slack,,,,appurtenance,irresistible,,,,,,unfeigned,freedom,scarce,,,,,,,,,,,,,implausibly,,notably,inexorably,copiously,basically,largely,,,implausibly,,,,,,,,appurtenance,irresistible,,,,,,unfeigned,freedom,scarce,vastly
,,,,,,,simple,,,,,,,,expressly,extremely,,,,,,,,,,,tolerably,,,,,,,,,,,,evidently,,,,,,curiously,,hugely,expressly,uniquely,,,simple,,,,,,,,,expressly,,pocket,,,,,,,,,individually,surpassingly,,,,,,,,,,,,,,,slothful,,,,another,majestic,,,,,,valid,integrity,seldom,,,,,,,,,,,,,improbably,,positively,irresistibly,expansively,predominantly,tremendously,,,improbably,,,,,,,,another,majestic,,,,,,valid,integrity,seldom,extremely
,,,,,,,special,,,,,,,,extraordinarily,remarkably,,,,,,,,,,,,,,,,,,,,,,,visibly,,,,,,abnormally,,inordinately,extraordinarily,unorthodoxly,,,special,,,,,,,,,extraordinarily,,lacking,,,,,,,,,specially,eminently,,,,,,,,,,,,,,,slow,,,,beyond,moving,,,,,,veritable,independence,sporadic,,,,,,,,,,,,,acutely,,powerfully,significantly,extravagantly,importantly,markedly,,,acutely,,,,,,,,beyond,moving,,,,,,veritable,independence,sporadic,remarkably
,,,,,,,undoubted,,,,,,,,mainly,really,,,,,,,,,,,,,,,,,,,,,,,seemingly,,,,,,amazingly,,incredibly,mainly,eminently,,,undoubted,,,,,,,,,mainly,,scanty,,,,,,,,,exactly,expressly,,,,,,,,,,,,,,,somnolent,,,,optional,notable,,,,,,embodied,deserved,unaccustomed,,,,,,,,,,,,,amply,,substantially,unpreventably,immoderately,decidedly,mightily,,,amply,,,,,,,,optional,notable,,,,,,embodied,deserved,unaccustomed,really
,,,,,,,unqualified,,,,,,,,markedly,strikingly,,,,,,,,,,,,,,,,,,,,,,,slightly,,,,,,peculiarly,,largely,markedly,expressly,,,unqualified,,,,,,,,,markedly,,failing,,,,,,,,,correctly,extraordinarily,,,,,,,,,,,,,,,supine,,,,redundant,prodigious,,,,,,,due,unconventional,,,,,,,,,,,,,considerably,,vastly,vitally,imposingly,particularly,notably,,,considerably,,,,,,,,redundant,prodigious,,,,,,,due,unconventional,strikingly
,,,,,,,unquestionable,,,,,,,,oddly,hugely,,,,,,,,,,,,,,,,,,,,,,,somewhat,,,,,,but,,tremendously,oddly,extraordinarily,,,unquestionable,,,,,,,,,oddly,,scant,,,,,,,,,precisely,mainly,,,,,,,,,,,,,,,tardy,,,,superfluous,renowned,,,,,,,merited,unfamiliar,,,,,,,,,,,,,dearly,,astonishingly,acutely,liberally,absolutely,indeed,,,dearly,,,,,,,,superfluous,renowned,,,,,,,merited,unfamiliar,hugely
,,,,,,,veritable,,,,,,,,preeminently,supremely,,,,,,,,,,,,,,,,,,,,,,,partially,,,,,,just,,markedly,preeminently,mainly,,,veritable,,,,,,,,,preeminently,,wanting,,,,,,,,,definitely,markedly,,,,,,,,,,,,,,,torpid,,,,unneeded,stupendous,,,,,,,fitting,unorthodox,,,,,,,,,,,,,emphatically,,exaggeratedly,amply,prodigally,awfully,vastly,,,emphatically,,,,,,,,unneeded,stupendous,,,,,,,fitting,unorthodox,supremely
,,,,,,,selfsame,,,,,,,,primarily,immensely,,,,,,,,,,,,,,,,,,,,,,,considerably,,,,,,queerly,,mightily,primarily,markedly,,,selfsame,,,,,,,,,primarily,,needing,,,,,,,,,clearly,oddly,,,,,,,,,,,,,,,trifling,,,,considerably,titanic,,,,,,,moral,weird,,,,,,,,,,,,,extensively,,pressingly,considerably,voluminously,profoundly,highly,,,extensively,,,,,,,,considerably,titanic,,,,,,,moral,weird,immensely
,,,,,,,true,,,,,,,,singularly,strangely,,,,,,,,,,,,,,,,,,,,,,,very,,,,,,adversely,,notably,singularly,oddly,,,true,,,,,,,,,singularly,,blunt,,,,,,,,,especially,preeminently,,,,,,,,,,,,,,,unconcerned,,,,especially,tremendous,,,,,,,upright,outre,,,,,,,,,,,,,largely,,prodigiously,dearly,acutely,excessively,extremely,,,largely,,,,,,,,especially,tremendous,,,,,,,upright,outre,strangely
,,,,,,,sure-enough,,,,,,,,strangely,very,,,,,,,,,,,,,,,,,,,,,,,well,,,,,,unusually,,indeed,strangely,preeminently,,,sure-enough,,,,,,,,,strangely,,direct,,,,,,,,,respectively,primarily,,,,,,,,,,,,,,,flagging,,,,exceptionally,vast,,,,,,,requisite,outré,,,,,,,,,,,,,notably,,superlatively,emphatically,amply,remarkably,remarkably,,,notably,,,,,,,,exceptionally,vast,,,,,,,requisite,outré,very
,,,,,,,acutely,,,,,,,,uncommonly,uncommonly,,,,,,,,,,,,,,,,,,,,,,,quite,,,,,,abnormally,,vastly,uncommonly,primarily,,,acutely,,,,,,,,,uncommonly,,brittle,,,,,,,,,categorically,singularly,,,,,,,,,,,,,,,lagging,,,,extraordinarily,,,,,,,,sound,uncustomary,,,,,,,,,,,,,positively,,surpassingly,extensively,considerably,certainly,enormously,,,positively,,,,,,,,extraordinarily,,,,,,,,sound,uncustomary,uncommonly
,,,,,,,amply,,,,,,,,unusually,extraordinarily,,,,,,,,,,,,,,,,,,,,,,,somewhat,,,,,,antagonistically,,highly,unusually,singularly,,,amply,,,,,,,,,unusually,,suddenly,,,,,,,,,pointedly,strangely,,,,,,,,,,,,,,,languorous,,,,extremely,,,,,,,,real,distinctive,,,,,,,,,,,,,powerfully,,centrally,largely,dearly,deeply,immeasurably,,,powerfully,,,,,,,,extremely,,,,,,,,real,distinctive,extraordinarily
,,,,,,,considerably,,,,,,,,wonderfully,awfully,,,,,,,,,,,,,,,,,,,,,,,decidedly,,,,,,antithetically,,extremely,wonderfully,strangely,,,considerably,,,,,,,,,wonderfully,,unawares,,,,,,,,,inevitably,uncommonly,,,,,,,,,,,,,,,dallying,,,,markedly,,,,,,,,faithful,incomparable,,,,,,,,,,,,,substantially,,chiefly,notably,emphatically,wonderfully,hugely,,,substantially,,,,,,,,markedly,,,,,,,,faithful,incomparable,awfully
,,,,,,,dearly,,,,,,,,remarkably,terribly,,,,,,,,,,,,,,,,,,,,,,,particularly,,,,,,asymmetrically,,remarkably,remarkably,uncommonly,,,dearly,,,,,,,,,remarkably,,compendious,,,,,,,,,certainly,unusually,,,,,,,,,,,,,,,procrastinating,,,,rarely,,,,,,,,amen,inimitable,,,,,,,,,,,,,vastly,,inherently,positively,extensively,pretty,immensely,,,vastly,,,,,,,,rarely,,,,,,,,amen,inimitable,terribly
,,,,,,,emphatically,,,,,,,,abnormally,so,,,,,,,,,,,,,,,,,,,,,,,absolutely,,,,,,conflictingly,,enormously,abnormally,unusually,,,emphatically,,,,,,,,,abnormally,,concise,,,,,,,,,assuredly,wonderfully,,,,,,,,,,,,,,,slow-moving,,,,uncommon,,,,,,,,complete,notable,,,,,,,,,,,,,exaggeratedly,,intimately,powerfully,largely,incredibly,decidedly,,,exaggeratedly,,,,,,,,uncommon,,,,,,,,complete,notable,so
,,,,,,,extensively,,,,,,,,conspicuously,remarkably,,,,,,,,,,,,,,,,,,,,,,,awfully,,,,,,contradictorily,,immeasurably,conspicuously,wonderfully,,,extensively,,,,,,,,,conspicuously,,epigrammatic,,,,,,,,,plainly,remarkably,,,,,,,,,,,,,,,snoozy,,,,uncommonly,,,,,,,,utter,outstanding,,,,,,,,,,,,,indispensably,,materially,substantially,notably,eminently,eminently,,,indispensably,,,,,,,,uncommonly,,,,,,,,utter,outstanding,remarkably
,,,,,,,largely,,,,,,,,outstandingly,really,,,,,,,,,,,,,,,,,,,,,,,profoundly,,,,,,contrarily,,hugely,outstandingly,remarkably,,,largely,,,,,,,,,outstandingly,,laconic,,,,,,,,,absolutely,abnormally,,,,,,,,,,,,,,,unenergetic,,,,unusually,,,,,,,,absolute,special,,,,,,,,,,,,,pressingly,,naturally,vastly,positively,uncommonly,deeply,,,pressingly,,,,,,,,unusually,,,,,,,,absolute,special,really
,,,,,,,notably,,,,,,,,signally,surprisingly,,,,,,,,,,,,,,,,,,,,,,,excessively,,,,,,contrastingly,,immensely,signally,conspicuously,,,notably,,,,,,,,,signally,,momentary,,,,,,,,,indeed,conspicuously,,,,,,,,,,,,,,,unindustrious,,,,remarkably,,,,,,,,exact,superior,,,,,,,,,,,,,prodigiously,,primarily,astonishingly,powerfully,truly,tremendously,,,prodigiously,,,,,,,,remarkably,,,,,,,,exact,superior,surprisingly
,,,,,,,positively,,,,,,,,strikingly,curiously,,,,,,,,,,,,,,,,,,,,,,,remarkably,,,,,,contrastively,,decidedly,strikingly,curiously,,,positively,,,,,,,,,strikingly,,pithy,,,,,,,,,unquestionably,curiously,,,,,,,,,,,,,,,unpersevering,,,,noticeably,,,,,,,,nice,unwonted,,,,,,,,,,,,,superlatively,,principally,exaggeratedly,substantially,highly,exceptionally,,,superlatively,,,,,,,,noticeably,,,,,,,,nice,unwonted,curiously
,,,,,,,powerfully,,,,,,,,supremely,strangely,,,,,,,,,,,,,,,,,,,,,,,certainly,,,,,,discordantly,,eminently,supremely,outstandingly,,,powerfully,,,,,,,,,supremely,,sententious,,,,,,,,,evidently,signally,,,,,,,,,,,,,,,asleep,,,,,,,,,,,,befitting,,,,,,,,,,,,,,surpassingly,,radically,indispensably,vastly,extremely,extraordinarily,,,surpassingly,,,,,,,,,,,,,,,,befitting,,strangely
,,,,,,,substantially,,,,,,,,unaccountably,very,,,,,,,,,,,,,,,,,,,,,,,deeply,,,,,,disparately,,deeply,unaccountably,signally,,,substantially,,,,,,,,,unaccountably,,succinct,,,,,,,,,definitely,strikingly,,,,,,,,,,,,,,,daydreaming,,,,,,,,,,,,deserved,,,,,,,,,,,,,,exceptionally,,characteristically,prodigiously,astonishingly,extraordinarily,profoundly,,,exceptionally,,,,,,,,,,,,,,,,deserved,,very
,,,,,,,vastly,,,,,,,,uncustomarily,uncommonly,,,,,,,,,,,,,,,,,,,,,,,wonderfully,,,,,,dissimilarly,,tremendously,uncustomarily,strikingly,,,vastly,,,,,,,,,uncustomarily,,aphoristic,,,,,,,,,undoubtedly,supremely,,,,,,,,,,,,,,,inattentive,,,,,,,,,,,,fit,,,,,,,,,,,,,,unnaturally,,determinately,superlatively,exaggeratedly,terribly,terribly,,,unnaturally,,,,,,,,,,,,,,,,fit,,uncommonly
,,,,,,,astonishingly,,,,,,,,uniquely,exceptionally,,,,,,,,,,,,,,,,,,,,,,,pretty,,,,,,distinctively,,exceptionally,uniquely,supremely,,,astonishingly,,,,,,,,,uniquely,,short-term,,,,,,,,,clearly,unaccountably,,,,,,,,,,,,,,,unsuspecting,,,,,,,,,,,,becoming,,,,,,,,,,,,,,exotically,,factually,surpassingly,indispensably,exceedingly,exceedingly,,,exotically,,,,,,,,,,,,,,,,becoming,,exceptionally
,,,,,,,exaggeratedly,,,,,,,,almighty,extraordinarily,,,,,,,,,,,,,,,,,,,,,,,incredibly,,,,,,divergently,,extraordinarily,almighty,unaccountably,,,exaggeratedly,,,,,,,,,almighty,,undersized,,,,,,,,,inexorably,uncustomarily,,,,,,,,,,,,,,,flat-footed,,,,,,,,,,,,due,,,,,,,,,,,,,,fantastically,,importantly,essentially,pressingly,greatly,so,,,fantastically,,,,,,,,,,,,,,,,due,,extraordinarily
,,,,,,,indispensably,,,,,,,,awful,awfully,,,,,,,,,,,,,,,,,,,,,,,eminently,,,,,,diversely,,profoundly,awful,uncustomarily,,,indispensably,,,,,,,,,awful,,breviloquent,,,,,,,,,just,uniquely,,,,,,,,,,,,,,,napping,,,,,,,,,,,,merited,,,,,,,,,,,,,,indescribably,,intrinsically,necessarily,superlatively,unusually,greatly,,,indescribably,,,,,,,,,,,,,,,,merited,,awfully
,,,,,,,pressingly,,,,,,,,especially,singularly,,,,,,,,,,,,,,,,,,,,,,,uncommonly,,,,,,hostilely,,terribly,especially,uniquely,,,pressingly,,,,,,,,,especially,,compendiary,,,,,,,,,peculiarly,clearly,,,,,,,,,,,,,,,unalert,,,,,,,,,,,,done,,,,,,,,,,,,,,unfamiliarly,,significantly,exigently,surpassingly,surprisingly,vastly,,,unfamiliarly,,,,,,,,,,,,,,,,done,,singularly
,,,,,,,prodigiously,,,,,,,,extra,terribly,,,,,,,,,,,,,,,,,,,,,,,truly,,,,,,incompatibly,,exceedingly,extra,especially,,,prodigiously,,,,,,,,,extra,,curtate,,,,,,,,,designedly,especially,,,,,,,,,,,,,,,unvigilant,,,,,,,,,,,,requisite,,,,,,,,,,,,,,,,vitally,imperatively,,noticeably,extremely,,,,,,,,,,,,,,,,,,,requisite,,terribly
,,,,,,,superlatively,,,,,,,,mighty,so,,,,,,,,,,,,,,,,,,,,,,,highly,,,,,,incongruously,,so,mighty,particularly,,,superlatively,,,,,,,,,mighty,,decurtate,,,,,,,,,advisedly,evidently,,,,,,,,,,,,,,,unwatchful,,,,,,,,,,,,nice,,,,,,,,,,,,,,,,,,,primarily,remarkably,,,,,,,,,,,,,,,,,,,nice,,so
,,,,,,,surpassingly,,,,,,,,oddly,really,,,,,,,,,,,,,,,,,,,,,,,extremely,,,,,,nonconformably,,greatly,oddly,exceptionally,,,surpassingly,,,,,,,,,oddly,,unprolonged,,,,,,,,,expressly,particularly,,,,,,,,,,,,,,,aback,,,,,,,,,,,,sound,,,,,,,,,,,,,,,,,,,especially,really,,,,,,,,,,,,,,,,,,,sound,,really
,,,,,,,,,,,,,,,peculiarly,surprisingly,,,,,,,,,,,,,,,,,,,,,,,extraordinarily,,,,,,oppositely,,vastly,peculiarly,unnaturally,,,,,,,,,,,,peculiarly,,unsustained,,,,,,,,,indubitably,manifestly,,,,,,,,,,,,,,,accidentally,,,,,,,,,,,,penetrating,,,,,,,,,,,,,,,,,,,greatly,strikingly,,,,,,,,,,,,,,,,,,,penetrating,,surprisingly
,,,,,,,,,,,,,,,plenty,curiously,,,,,,,,,,,,,,,,,,,,,,,terribly,,,,,,unorthodoxly,,extremely,plenty,astonishingly,,,,,,,,,,,,plenty,,chunky,,,,,,,,,positively,patently,,,,,,,,,,,,,,,carelessly,,,,,,,,,,,,fit,,,,,,,,,,,,,,,,,,,powerful,hugely,,,,,,,,,,,,,,,,,,,fit,,curiously
,,,,,,,,,,,,,,,powerful,emphatically,,,,,,,,,,,,,,,,,,,,,,,exceedingly,,,,,,plumb,,remarkably,powerful,exotically,,,,,,,,,,,,powerful,,skimpy,,,,,,,,,specifically,signally,,,,,,,,,,,,,,,inadvertently,,,,,,,,,,,,discerning,,,,,,,,,,,,,,,,,,,immoderately,supremely,,,,,,,,,,,,,,,,,,,discerning,,emphatically
,,,,,,,,,,,,,,,rarely,absolutely,,,,,,,,,,,,,,,,,,,,,,,greatly,,,,,,well,,really,rarely,fantastically,,,,,,,,,,,,rarely,,stocky,,,,,,,,,doubtlessly,distinctly,,,,,,,,,,,,,,,mistakenly,,,,,,,,,,,,well,,,,,,,,,,,,,,,,,,,surpassingly,immensely,,,,,,,,,,,,,,,,,,,well,,absolutely
,,,,,,,,,,,,,,,real,bloody,,,,,,,,,,,,,,,,,,,,,,,unusually,,,,,,reservedly,,hugely,real,indescribably,,,,,,,,,,,,real,,stubby,,,,,,,,,categorically,exceedingly,,,,,,,,,,,,,,,sudden,,,,,,,,,,,,hale,,,,,,,,,,,,,,,,,,,vitally,intensely,,,,,,,,,,,,,,,,,,,hale,,bloody
,,,,,,,,,,,,,,,right,powerful,,,,,,,,,,,,,,,,,,,,,,,surprisingly,,,,,,undividedly,,supremely,right,unfamiliarly,,,,,,,,,,,,right,,thickset,,,,,,,,,unmistakably,exceptionally,,,,,,,,,,,,,,,unconsciously,,,,,,,,,,,,rational,,,,,,,,,,,,,,,,,,,abundantly,greatly,,,,,,,,,,,,,,,,,,,rational,,powerful
,,,,,,,,,,,,,,,uncommon,real,,,,,,,,,,,,,,,,,,,,,,,substantially,,,,,,eminently,,immensely,uncommon,peculiarly,,,,,,,,,,,,uncommon,,undersized,,,,,,,,,bang,extremely,,,,,,,,,,,,,,,unexpectedly,,,,,,,,,,,,balanced,,,,,,,,,,,,,,,,,,,eminently,hugely,,,,,,,,,,,,,,,,,,,balanced,,real
,,,,,,,,,,,,,,,unusually,right,,,,,,,,,,,,,,,,,,,,,,,considerably,,,,,,expressly,,decidedly,unusually,strangely,,,,,,,,,,,,unusually,,pint-sized,,,,,,,,,expressly,highly,,,,,,,,,,,,,,,unintentionally,,,,,,,,,,,,enlightened,,,,,,,,,,,,,,,,,,,emphatically,very,,,,,,,,,,,,,,,,,,,enlightened,,right
,,,,,,,,,,,,,,,eccentrically,strongly,,,,,,,,,,,,,,,,,,,,,,,markedly,,,,,,extraordinarily,,considerably,eccentrically,uncommonly,,,,,,,,,,,,eccentrically,,pocket-sized,,,,,,,,,faithfully,uncommonly,,,,,,,,,,,,,,,unprepared,,,,,,,,,,,,fine,,,,,,,,,,,,,,,,,,,exceedingly,almost,,,,,,,,,,,,,,,,,,,fine,,strongly
,,,,,,,,,,,,,,,queerly,sure,,,,,,,,,,,,,,,,,,,,,,,well,,,,,,mainly,,obviously,queerly,perversely,,,,,,,,,,,,queerly,,runty,,,,,,,,,positively,hugely,,,,,,,,,,,,,,,unwittingly,,,,,,,,,,,,reactionary,,,,,,,,,,,,,,,,,,,exceptionally,exceedingly,,,,,,,,,,,,,,,,,,,reactionary,,sure
,,,,,,,,,,,,,,,exceptionally,surely,,,,,,,,,,,,,,,,,,,,,,,acutely,,,,,,markedly,,greatly,exceptionally,,,,,,,,,,,,,exceptionally,,sawed-off,,,,,,,,,right,reputably,,,,,,,,,,,,,,,abruptly,,,,,,,,,,,,square,,,,,,,,,,,,,,,,,,,incomparably,much,,,,,,,,,,,,,,,,,,,square,,surely
,,,,,,,,,,,,,,,unnaturally,decisively,,,,,,,,,,,,,,,,,,,,,,,decidedly,,,,,,oddly,,notably,unnaturally,,,,,,,,,,,,,unnaturally,,squatty,,,,,,,,,scrupulously,signally,,,,,,,,,,,,,,,ignorantly,,,,,,,,,,,,well,,,,,,,,,,,,,,,,,,,infinitely,too,,,,,,,,,,,,,,,,,,,well,,decisively
,,,,,,,,,,,,,,,astonishingly,unequivocally,,,,,,,,,,,,,,,,,,,,,,,indubitably,,,,,,preeminently,,remarkably,astonishingly,,,,,,,,,,,,,astonishingly,,deficient,,,,,,,,,severely,decidedly,,,,,,,,,,,,,,,surprisingly,,,,,,,,,,,,slap,,,,,,,,,,,,,,,,,,,intensely,remarkably,,,,,,,,,,,,,,,,,,,slap,,unequivocally
,,,,,,,,,,,,,,,exotically,almighty,,,,,,,,,,,,,,,,,,,,,,,markedly,,,,,,primarily,,conspicuously,exotically,,,,,,,,,,,,,exotically,,exiguous,,,,,,,,,sharp,distinctly,,,,,,,,,,,,,,,unknowingly,,,,,,,,,,,,bang,,,,,,,,,,,,,,,,,,,most,nearly,,,,,,,,,,,,,,,,,,,bang,,almighty
,,,,,,,,,,,,,,,fantastically,markedly,,,,,,,,,,,,,,,,,,,,,,,purely,,,,,,singularly,,noticeably,fantastically,,,,,,,,,,,,,fantastically,,inadequate,,,,,,,,,square,expressly,,,,,,,,,,,,,,,ad-lib,,,,,,,,,,,,correctly,,,,,,,,,,,,,,,,,,,much,regularly,,,,,,,,,,,,,,,,,,,correctly,,markedly
,,,,,,,,,,,,,,,indescribably,mortally,,,,,,,,,,,,,,,,,,,,,,,sharply,,,,,,strangely,,particularly,indescribably,,,,,,,,,,,,,indescribably,,meager,,,,,,,,,truthfully,individually,,,,,,,,,,,,,,,ill-considered,,,,,,,,,,,,altogether,,,,,,,,,,,,,,,,,,,powerfully,considerably,,,,,,,,,,,,,,,,,,,altogether,,mortally
,,,,,,,,,,,,,,,unfamiliarly,notably,,,,,,,,,,,,,,,,,,,,,,,audibly,,,,,,uncommonly,,very,unfamiliarly,,,,,,,,,,,,,unfamiliarly,,scarce,,,,,,,,,utterly,markedly,,,,,,,,,,,,,,,impromptu,,,,,,,,,,,,sharp,,,,,,,,,,,,,,,,,,,inimitably,often,,,,,,,,,,,,,,,,,,,sharp,,notably
,,,,,,,,,,,,,,,almighty,over,,,,,,,,,,,,,,,,,,,,,,,conspicuously,,,,,,unusually,,markedly,almighty,,,,,,,,,,,,,almighty,,short-handed,,,,,,,,,wholly,singularly,,,,,,,,,,,,,,,improvised,,,,,,,,,,,,properly,,,,,,,,,,,,,,,,,,,conspicuously,indeed,,,,,,,,,,,,,,,,,,,properly,,over
,,,,,,,,,,,,,,,awful,plenty,,,,,,,,,,,,,,,,,,,,,,,discernibly,,,,,,wonderfully,,greatly,awful,,,,,,,,,,,,,awful,,skimpy,,,,,,,,,faultlessly,uncommonly,,,,,,,,,,,,,,,offhand,,,,,,,,,,,,well,,,,,,,,,,,,,,,,,,,famously,exceptionally,,,,,,,,,,,,,,,,,,,well,,plenty
,,,,,,,,,,,,,,,especially,powerful,,,,,,,,,,,,,,,,,,,,,,,incontestably,,,,,,remarkably,,remarkably,especially,,,,,,,,,,,,,especially,,sparse,,,,,,,,,methodically,explicitly,,,,,,,,,,,,,,,spontaneous,,,,,,,,,,,,properly,,,,,,,,,,,,,,,,,,,glaringly,highly,,,,,,,,,,,,,,,,,,,properly,,powerful
,,,,,,,,,,,,,,,extra,radically,,,,,,,,,,,,,,,,,,,,,,,incontrovertibly,,,,,,abnormally,,conspicuously,extra,,,,,,,,,,,,,extra,,niggardly,,,,,,,,,rigorously,,,,,,,,,,,,,,,,surprised,,,,,,,,,,,,decently,,,,,,,,,,,,,,,,,,,incalculably,very,,,,,,,,,,,,,,,,,,,decently,,radically
,,,,,,,,,,,,,,,mighty,rarely,,,,,,,,,,,,,,,,,,,,,,,lucidly,,,,,,conspicuously,,prominently,mighty,,,,,,,,,,,,,mighty,,bad-tempered,,,,,,,,,unequivocally,,,,,,,,,,,,,,,,unexpected,,,,,,,,,,,,well,,,,,,,,,,,,,,,,,,,strikingly,frequently,,,,,,,,,,,,,,,,,,,well,,rarely
,,,,,,,,,,,,,,,oddly,ultra,,,,,,,,,,,,,,,,,,,,,,,manifestly,,,,,,curiously,,noticeably,oddly,,,,,,,,,,,,,oddly,,brusque,,,,,,,,,unerringly,,,,,,,,,,,,,,,,unplanned,,,,,,,,,,,,now,,,,,,,,,,,,,,,,,,,supremely,extremely,,,,,,,,,,,,,,,,,,,now,,ultra
,,,,,,,,,,,,,,,peculiarly,violently,,,,,,,,,,,,,,,,,,,,,,,overtly,,,,,,outstandingly,,intensely,peculiarly,,,,,,,,,,,,,peculiarly,,curt,,,,,,,,,veraciously,,,,,,,,,,,,,,,,unrehearsed,,,,,,,,,,,,due,,,,,,,,,,,,,,,,,,,surpassingly,decidedly,,,,,,,,,,,,,,,,,,,due,,violently
,,,,,,,,,,,,,,,plenty,overmuch,,,,,,,,,,,,,,,,,,,,,,,patently,,,,,,signally,,very,plenty,,,,,,,,,,,,,plenty,,gruff,,,,,,,,,absolutely,,,,,,,,,,,,,,,,unschooled,,,,,,,,,,,,direct,,,,,,,,,,,,,,,,,,,excellently,particularly,,,,,,,,,,,,,,,,,,,direct,,overmuch
,,,,,,,,,,,,,,,powerful,parlous,,,,,,,,,,,,,,,,,,,,,,,penetratingly,,,,,,strikingly,,fully,powerful,,,,,,,,,,,,,powerful,,impolite,,,,,,,,,clearly,,,,,,,,,,,,,,,,unskilled,,,,,,,,,,,,birthright,,,,,,,,,,,,,,,,,,,faultlessly,absolutely,,,,,,,,,,,,,,,,,,,birthright,,parlous
,,,,,,,,,,,,,,,rarely,drastically,,,,,,,,,,,,,,,,,,,,,,,perceptibly,,,,,,supremely,,intensively,rarely,,,,,,,,,,,,,rarely,,inconsiderate,,,,,,,,,decidedly,,,,,,,,,,,,,,,,untrained,,,,,,,,,,,,comeuppance,,,,,,,,,,,,,,,,,,,fitly,awfully,,,,,,,,,,,,,,,,,,,comeuppance,,drastically
,,,,,,,,,,,,,,,real,exorbitantly,,,,,,,,,,,,,,,,,,,,,,,prominently,,,,,,unaccountably,,wholly,real,,,,,,,,,,,,,real,,irascible,,,,,,,,,directly,,,,,,,,,,,,,,,,napping,,,,,,,,,,,,exemption,,,,,,,,,,,,,,,,,,,ideally,profoundly,,,,,,,,,,,,,,,,,,,exemption,,exorbitantly
,,,,,,,,,,,,,,,right,immoderately,,,,,,,,,,,,,,,,,,,,,,,recognizably,,,,,,uncustomarily,,completely,right,,,,,,,,,,,,,right,,offhand,,,,,,,,,distinctly,,,,,,,,,,,,,,,,winged,,,,,,,,,,,,advantage,,,,,,,,,,,,,,,,,,,eminently,excessively,,,,,,,,,,,,,,,,,,,advantage,,immoderately
,,,,,,,,,,,,,,,uncommon,prohibitively,,,,,,,,,,,,,,,,,,,,,,,sonorously,,,,,,plainly,,carefully,uncommon,,,,,,,,,,,,,uncommon,,rude,,,,,,,,,outright,,,,,,,,,,,,,,,,against,,,,,,,,,,,,title,,,,,,,,,,,,,,,,,,,especially,remarkably,,,,,,,,,,,,,,,,,,,title,,prohibitively
,,,,,,,,,,,,,,,terrifically,surpassingly,,,,,,,,,,,,,,,,,,,,,,,translucently,,,,,,totally,,earnestly,terrifically,,,,,,,,,,,,,terrifically,,short-tempered,,,,,,,,,positively,,,,,,,,,,,,,,,,backward,,,,,,,,,,,,prerogative,,,,,,,,,,,,,,,,,,,essentially,certainly,,,,,,,,,,,,,,,,,,,prerogative,,surpassingly
,,,,,,,,,,,,,,,,vitally,,,,,,,,,,,,,,,,,,,,,,,transparently,,,,,,utterly,,highly,,,,,,,,,,,,,,,,snappy,,,,,,,,,manifestly,,,,,,,,,,,,,,,,contrary,,,,,,,,,,,,due,,,,,,,,,,,,,,,,,,,fundamentally,deeply,,,,,,,,,,,,,,,,,,,due,,vitally
,,,,,,,,,,,,,,,,awful,,,,,,,,,,,,,,,,,,,,,,,undeniably,,,,,,wholly,,extremely,,,,,,,,,,,,,,,,snippy,,,,,,,,,decidedly,,,,,,,,,,,,,,,,disinclined,,,,,,,,,,,,merit,,,,,,,,,,,,,,,,,,,materially,wonderfully,,,,,,,,,,,,,,,,,,,merit,,awful
,,,,,,,,,,,,,,,,awfully,,,,,,,,,,,,,,,,,,,,,,,unmistakably,,,,,,distinctively,,scrupulously,,,,,,,,,,,,,,,,testy,,,,,,,,,distinctly,,,,,,,,,,,,,,,,disobliging,,,,,,,,,,,,liberty,,,,,,,,,,,,,,,,,,,peculiarly,pretty,,,,,,,,,,,,,,,,,,,liberty,,awfully
,,,,,,,,,,,,,,,,bloody,,,,,,,,,,,,,,,,,,,,,,,quite,,,,,,especially,,painstakingly,,,,,,,,,,,,,,,,thoughtless,,,,,,,,,expressly,,,,,,,,,,,,,,,,hesitating,,,,,,,,,,,,favor,,,,,,,,,,,,,,,,,,,preeminently,incredibly,,,,,,,,,,,,,,,,,,,favor,,bloody
,,,,,,,,,,,,,,,,jolly,,,,,,,,,,,,,,,,,,,,,,,considerably,,,,,,exclusively,,conscientiously,,,,,,,,,,,,,,,,unceremonious,,,,,,,,,individually,,,,,,,,,,,,,,,,indisposed,,,,,,,,,,,,appanage,,,,,,,,,,,,,,,,,,,substantially,eminently,,,,,,,,,,,,,,,,,,,appanage,,jolly
,,,,,,,,,,,,,,,,mighty,,,,,,,,,,,,,,,,,,,,,,,especially,,,,,,specially,,meticulously,,,,,,,,,,,,,,,,uncivil,,,,,,,,,markedly,,,,,,,,,,,,,,,,involuntary,,,,,,,,,,,,preference,,,,,,,,,,,,,,,,,,,universally,uncommonly,,,,,,,,,,,,,,,,,,,preference,,mighty
,,,,,,,,,,,,,,,,notably,,,,,,,,,,,,,,,,,,,,,,,exceptionally,,,,,,exceptionally,,comprehensively,,,,,,,,,,,,,,,,ungracious,,,,,,,,,singularly,,,,,,,,,,,,,,,,laggard,,,,,,,,,,,,deserving,,,,,,,,,,,,,,,,,,,cardinally,truly,,,,,,,,,,,,,,,,,,,deserving,,notably
,,,,,,,,,,,,,,,,plenty,,,,,,,,,,,,,,,,,,,,,,,extraordinarily,,,,,,unnaturally,,assiduously,,,,,,,,,,,,,,,,short-spoken,,,,,,,,,uncommonly,,,,,,,,,,,,,,,,malcontent,,,,,,,,,,,,franchise,,,,,,,,,,,,,,,,,,,dominantly,highly,,,,,,,,,,,,,,,,,,,franchise,,plenty
,,,,,,,,,,,,,,,,powerful,,,,,,,,,,,,,,,,,,,,,,,extremely,,,,,,astonishingly,,efficiently,,,,,,,,,,,,,,,,snippety,,,,,,,,,outstandingly,,,,,,,,,,,,,,,,opposed,,,,,,,,,,,,permission,,,,,,,,,,,,,,,,,,,prevailingly,extremely,,,,,,,,,,,,,,,,,,,permission,,powerful
,,,,,,,,,,,,,,,,real,,,,,,,,,,,,,,,,,,,,,,,markedly,,,,,,exotically,,very,,,,,,,,,,,,,,,,breviloquent,,,,,,,,,calculatedly,,,,,,,,,,,,,,,,recalcitrant,,,,,,,,,,,,desert,,,,,,,,,,,,,,,,,,,prevalently,extraordinarily,,,,,,,,,,,,,,,,,,,desert,,real
,,,,,,,,,,,,,,,,right,,,,,,,,,,,,,,,,,,,,,,,rarely,,,,,,fantastically,,ever,,,,,,,,,,,,,,,,crunchy,,,,,,,,,prepensely,,,,,,,,,,,,,,,,refractory,,,,,,,,,,,,perquisite,,,,,,,,,,,,,,,,,,,supremely,terribly,,,,,,,,,,,,,,,,,,,perquisite,,right
,,,,,,,,,,,,,,,,parlous,,,,,,,,,,,,,,,,,,,,,,,uncommon,,,,,,indescribably,,unduly,,,,,,,,,,,,,,,,delicate,,,,,,,,,purposedly,,,,,,,,,,,,,,,,remiss,,,,,,,,,,,,righteousness,,,,,,,,,,,,,,,,,,,vitally,exceedingly,,,,,,,,,,,,,,,,,,,righteousness,,parlous
,,,,,,,,,,,,,,,,mucho,,,,,,,,,,,,,,,,,,,,,,,uncommonly,,,,,,unfamiliarly,,exceptionally,,,,,,,,,,,,,,,,friable,,,,,,,,,accurately,,,,,,,,,,,,,,,,shrinking,,,,,,,,,,,,good,,,,,,,,,,,,,,,,,,,acutely,greatly,,,,,,,,,,,,,,,,,,,good,,mucho
,,,,,,,,,,,,,,,,surpassingly,,,,,,,,,,,,,,,,,,,,,,,unusually,,,,,,,,overly,,,,,,,,,,,,,,,,aback,,,,,,,,,peculiarly,,,,,,,,,,,,,,,,shy,,,,,,,,,,,,truth,,,,,,,,,,,,,,,,,,,amply,unusually,,,,,,,,,,,,,,,,,,,truth,,surpassingly
,,,,,,,,,,,,,,,,almighty,,,,,,,,,,,,,,,,,,,,,,,remarkably,,,,,,,,awfully,,,,,,,,,,,,,,,,forthwith,,,,,,,,,characteristically,,,,,,,,,,,,,,,,slack,,,,,,,,,,,,propriety,,,,,,,,,,,,,,,,,,,considerably,surprisingly,,,,,,,,,,,,,,,,,,,propriety,,almighty
,,,,,,,,,,,,,,,,awful,,,,,,,,,,,,,,,,,,,,,,,clearly,,,,,,,,remarkably,,,,,,,,,,,,,,,,sudden,,,,,,,,,concretely,,,,,,,,,,,,,,,,slow,,,,,,,,,,,,straight,,,,,,,,,,,,,,,,,,,dearly,noticeably,,,,,,,,,,,,,,,,,,,straight,,awful
,,,,,,,,,,,,,,,,especially,,,,,,,,,,,,,,,,,,,,,,,especially,,,,,,,,highly,,,,,,,,,,,,,,,,unaware,,,,,,,,,distinctively,,,,,,,,,,,,,,,,uncooperative,,,,,,,,,,,,correctness,,,,,,,,,,,,,,,,,,,emphatically,mighty,,,,,,,,,,,,,,,,,,,correctness,,especially
,,,,,,,,,,,,,,,,extra,,,,,,,,,,,,,,,,,,,,,,,evidently,,,,,,,,extremely,,,,,,,,,,,,,,,,unexpectedly,,,,,,,,,indicatively,,,,,,,,,,,,,,,,wayward,,,,,,,,,,,,uprightness,,,,,,,,,,,,,,,,,,,extensively,about,,,,,,,,,,,,,,,,,,,uprightness,,extra
,,,,,,,,,,,,,,,,mighty,,,,,,,,,,,,,,,,,,,,,,,particularly,,,,,,,,immensely,,,,,,,,,,,,,,,,unanticipatedly,,,,,,,,,minutely,,,,,,,,,,,,,,,,indocile,,,,,,,,,,,,liberty,,,,,,,,,,,,,,,,,,,largely,well-nigh,,,,,,,,,,,,,,,,,,,liberty,,mighty
,,,,,,,,,,,,,,,,oddly,,,,,,,,,,,,,,,,,,,,,,,manifestly,,,,,,,,handsomely,,,,,,,,,,,,,,,,,,,,,,,,,decidedly,,,,,,,,,,,,,,,,begrudging,,,,,,,,,,,,lawfulness,,,,,,,,,,,,,,,,,,,notably,nigh,,,,,,,,,,,,,,,,,,,lawfulness,,oddly
,,,,,,,,,,,,,,,,peculiarly,,,,,,,,,,,,,,,,,,,,,,,outstandingly,,,,,,,,grandly,,,,,,,,,,,,,,,,,,,,,,,,,distinctly,,,,,,,,,,,,,,,,demurring,,,,,,,,,,,,reason,,,,,,,,,,,,,,,,,,,positively,exceedingly,,,,,,,,,,,,,,,,,,,reason,,peculiarly
,,,,,,,,,,,,,,,,plenty,,,,,,,,,,,,,,,,,,,,,,,patently,,,,,,,,beautifully,,,,,,,,,,,,,,,,,,,,,,,,,indubitably,,,,,,,,,,,,,,,,grudging,,,,,,,,,,,,virtue,,,,,,,,,,,,,,,,,,,powerfully,greatly,,,,,,,,,,,,,,,,,,,virtue,,plenty
,,,,,,,,,,,,,,,,powerful,,,,,,,,,,,,,,,,,,,,,,,signally,,,,,,,,wonderfully,,,,,,,,,,,,,,,,,,,,,,,,,positively,,,,,,,,,,,,,,,,unaccommodating,,,,,,,,,,,,goodness,,,,,,,,,,,,,,,,,,,substantially,notably,,,,,,,,,,,,,,,,,,,goodness,,powerful
,,,,,,,,,,,,,,,,rarely,,,,,,,,,,,,,,,,,,,,,,,distinctly,,,,,,,,remarkably,,,,,,,,,,,,,,,,,,,,,,,,,conclusively,,,,,,,,,,,,,,,,uncheerful,,,,,,,,,,,,equity,,,,,,,,,,,,,,,,,,,vastly,suitably,,,,,,,,,,,,,,,,,,,equity,,rarely
,,,,,,,,,,,,,,,,real,,,,,,,,,,,,,,,,,,,,,,,exceedingly,,,,,,,,magnificently,,,,,,,,,,,,,,,,,,,,,,,,,doubtlessly,,,,,,,,,,,,,,,,uneager,,,,,,,,,,,,emancipation,,,,,,,,,,,,,,,,,,,astonishingly,very,,,,,,,,,,,,,,,,,,,emancipation,,real
,,,,,,,,,,,,,,,,right,,,,,,,,,,,,,,,,,,,,,,,exceptionally,,,,,,,,gorgeously,,,,,,,,,,,,,,,,,,,,,,,,,admittedly,,,,,,,,,,,,,,,,uninclined,,,,,,,,,,,,rightness,,,,,,,,,,,,,,,,,,,exaggeratedly,conspicuously,,,,,,,,,,,,,,,,,,,rightness,,right
,,,,,,,,,,,,,,,,uncommon,,,,,,,,,,,,,,,,,,,,,,,extremely,,,,,,,,superbly,,,,,,,,,,,,,,,,,,,,,,,,,fixedly,,,,,,,,,,,,,,,,unobliging,,,,,,,,,,,,properness,,,,,,,,,,,,,,,,,,,indispensably,outstandingly,,,,,,,,,,,,,,,,,,,properness,,uncommon
,,,,,,,,,,,,,,,,almighty,,,,,,,,,,,,,,,,,,,,,,,highly,,,,,,,,elegantly,,,,,,,,,,,,,,,,,,,,,,,,,infallibly,,,,,,,,,,,,,,,,unwishful,,,,,,,,,,,,honor,,,,,,,,,,,,,,,,,,,pressingly,prominently,,,,,,,,,,,,,,,,,,,honor,,almighty
,,,,,,,,,,,,,,,,awful,,,,,,,,,,,,,,,,,,,,,,,uncommonly,,,,,,,,uncommonly,,,,,,,,,,,,,,,,,,,,,,,,,irrefutably,,,,,,,,,,,,,,,,asleep,,,,,,,,,,,,rectitude,,,,,,,,,,,,,,,,,,,prodigiously,strikingly,,,,,,,,,,,,,,,,,,,rectitude,,awful
,,,,,,,,,,,,,,,,especially,,,,,,,,,,,,,,,,,,,,,,,hugely,,,,,,,,peculiarly,,,,,,,,,,,,,,,,,,,,,,,,,manifestly,,,,,,,,,,,,,,,,derelict,,,,,,,,,,,,legality,,,,,,,,,,,,,,,,,,,surpassingly,especially,,,,,,,,,,,,,,,,,,,legality,,especially
,,,,,,,,,,,,,,,,extra,,,,,,,,,,,,,,,,,,,,,,,outstandingly,,,,,,,,unusually,,,,,,,,,,,,,,,,,,,,,,,,,unequivocally,,,,,,,,,,,,,,,,negligent,,,,,,,,,,,,enfranchisement,,,,,,,,,,,,,,,,,,,eminently,greatly,,,,,,,,,,,,,,,,,,,enfranchisement,,extra
,,,,,,,,,,,,,,,,mighty,,,,,,,,,,,,,,,,,,,,,,,reputably,,,,,,,,remarkably,,,,,,,,,,,,,,,,,,,,,,,,,unerringly,,,,,,,,,,,,,,,,unguarded,,,,,,,,,,,,repair,,,,,,,,,,,,,,,,,,,especially,powerful,,,,,,,,,,,,,,,,,,,repair,,mighty
,,,,,,,,,,,,,,,,oddly,,,,,,,,,,,,,,,,,,,,,,,signally,,,,,,,,rarely,,,,,,,,,,,,,,,,,,,,,,,,,unfailingly,,,,,,,,,,,,,,,,unprepared,,,,,,,,,,,,square,,,,,,,,,,,,,,,,,,,,immoderately,,,,,,,,,,,,,,,,,,,square,,oddly
,,,,,,,,,,,,,,,,peculiarly,,,,,,,,,,,,,,,,,,,,,,,distinctly,,,,,,,,uniquely,,,,,,,,,,,,,,,,,,,,,,,,,unmistakably,,,,,,,,,,,,,,,,flat-footed,,,,,,,,,,,,rectify,,,,,,,,,,,,,,,,,,,,superlatively,,,,,,,,,,,,,,,,,,,rectify,,peculiarly
,,,,,,,,,,,,,,,,plenty,,,,,,,,,,,,,,,,,,,,,,,openly,,,,,,,,surprisingly,,,,,,,,,,,,,,,,,,,,,,,,,unshakably,,,,,,,,,,,,,,,,napping,,,,,,,,,,,,redress,,,,,,,,,,,,,,,,,,,,vitally,,,,,,,,,,,,,,,,,,,redress,,plenty
,,,,,,,,,,,,,,,,powerful,,,,,,,,,,,,,,,,,,,,,,,unquestionably,,,,,,,,startlingly,,,,,,,,,,,,,,,,,,,,,,,,,,,,,,,,,,,,,,,,,unalert,,,,,,,,,,,,restore,,,,,,,,,,,,,,,,,,,,almighty,,,,,,,,,,,,,,,,,,,restore,,powerful
,,,,,,,,,,,,,,,,rarely,,,,,,,,,,,,,,,,,,,,,,,incontestably,,,,,,,,curiously,,,,,,,,,,,,,,,,,,,,,,,,,,,,,,,,,,,,,,,,,unwatchful,,,,,,,,,,,,overhaul,,,,,,,,,,,,,,,,,,,,markedly,,,,,,,,,,,,,,,,,,,overhaul,,rarely
,,,,,,,,,,,,,,,,real,,,,,,,,,,,,,,,,,,,,,,,undeniably,,,,,,,,abnormally,,,,,,,,,,,,,,,,,,,,,,,,,,,,,,,,,,,,,,,,,,,,,,,,,,,,,doctor,,,,,,,,,,,,,,,,,,,,mortally,,,,,,,,,,,,,,,,,,,doctor,,real
,,,,,,,,,,,,,,,,right,,,,,,,,,,,,,,,,,,,,,,,carelessly,,,,,,,,amazingly,,,,,,,,,,,,,,,,,,,,,,,,,,,,,,,,,,,,,,,,,,,,,,,,,,,,,adjust,,,,,,,,,,,,,,,,,,,,notably,,,,,,,,,,,,,,,,,,,adjust,,right
,,,,,,,,,,,,,,,,uncommon,,,,,,,,,,,,,,,,,,,,,,,halfway,,,,,,,,intensely,,,,,,,,,,,,,,,,,,,,,,,,,,,,,,,,,,,,,,,,,,,,,,,,,,,,,emend,,,,,,,,,,,,,,,,,,,,over,,,,,,,,,,,,,,,,,,,emend,,uncommon
,,,,,,,,,,,,,,,,,,,,,,,,,,,,,,,,,,,,,,,inadequately,,,,,,,,extraordinarily,,,,,,,,,,,,,,,,,,,,,,,,,,,,,,,,,,,,,,,,,,,,,,,,,,,,,mend,,,,,,,,,,,,,,,,,,,,plenty,,,,,,,,,,,,,,,,,,,mend,,
,,,,,,,,,,,,,,,,,,,,,,,,,,,,,,,,,,,,,,,incompletely,,,,,,,,beautifully,,,,,,,,,,,,,,,,,,,,,,,,,,,,,,,,,,,,,,,,,,,,,,,,,,,,,recondition,,,,,,,,,,,,,,,,,,,,powerful,,,,,,,,,,,,,,,,,,,recondition,,
,,,,,,,,,,,,,,,,,,,,,,,,,,,,,,,,,,,,,,,insufficiently,,,,,,,,remarkably,,,,,,,,,,,,,,,,,,,,,,,,,,,,,,,,,,,,,,,,,,,,,,,,,,,,,scrub,,,,,,,,,,,,,,,,,,,,radically,,,,,,,,,,,,,,,,,,,scrub,,
,,,,,,,,,,,,,,,,,,,,,,,,,,,,,,,,,,,,,,,notably,,,,,,,,marvelously,,,,,,,,,,,,,,,,,,,,,,,,,,,,,,,,,,,,,,,,,,,,,,,,,,,,,vindicate,,,,,,,,,,,,,,,,,,,,rarely,,,,,,,,,,,,,,,,,,,vindicate,,
,,,,,,,,,,,,,,,,,,,,,,,,,,,,,,,,,,,,,,,piecemeal,,,,,,,,magnificently,,,,,,,,,,,,,,,,,,,,,,,,,,,,,,,,,,,,,,,,,,,,,,,,,,,,,launder,,,,,,,,,,,,,,,,,,,,ultra,,,,,,,,,,,,,,,,,,,launder,,
,,,,,,,,,,,,,,,,,,,,,,,,,,,,,,,,,,,,,,,relatively,,,,,,,,admirably,,,,,,,,,,,,,,,,,,,,,,,,,,,,,,,,,,,,,,,,,,,,,,,,,,,,,reconstruct,,,,,,,,,,,,,,,,,,,,violently,,,,,,,,,,,,,,,,,,,reconstruct,,
,,,,,,,,,,,,,,,,,,,,,,,,,,,,,,,,,,,,,,,measurably,,,,,,,,amazingly,,,,,,,,,,,,,,,,,,,,,,,,,,,,,,,,,,,,,,,,,,,,,,,,,,,,,reward,,,,,,,,,,,,,,,,,,,,overmuch,,,,,,,,,,,,,,,,,,,reward,,
,,,,,,,,,,,,,,,,,,,,,,,,,,,,,,,,,,,,,,,acutely,,,,,,,,spectacularly,,,,,,,,,,,,,,,,,,,,,,,,,,,,,,,,,,,,,,,,,,,,,,,,,,,,,amend,,,,,,,,,,,,,,,,,,,,parlous,,,,,,,,,,,,,,,,,,,amend,,
,,,,,,,,,,,,,,,,,,,,,,,,,,,,,,,,,,,,,,,amply,,,,,,,,stunningly,,,,,,,,,,,,,,,,,,,,,,,,,,,,,,,,,,,,,,,,,,,,,,,,,,,,,straighten,,,,,,,,,,,,,,,,,,,,drastically,,,,,,,,,,,,,,,,,,,straighten,,
,,,,,,,,,,,,,,,,,,,,,,,,,,,,,,,,,,,,,,,considerably,,,,,,,,peculiarly,,,,,,,,,,,,,,,,,,,,,,,,,,,,,,,,,,,,,,,,,,,,,,,,,,,,,patch,,,,,,,,,,,,,,,,,,,,exorbitantly,,,,,,,,,,,,,,,,,,,patch,,
,,,,,,,,,,,,,,,,,,,,,,,,,,,,,,,,,,,,,,,dearly,,,,,,,,excellently,,,,,,,,,,,,,,,,,,,,,,,,,,,,,,,,,,,,,,,,,,,,,,,,,,,,,settle,,,,,,,,,,,,,,,,,,,,immoderately,,,,,,,,,,,,,,,,,,,settle,,
,,,,,,,,,,,,,,,,,,,,,,,,,,,,,,,,,,,,,,,emphatically,,,,,,,,queerly,,,,,,,,,,,,,,,,,,,,,,,,,,,,,,,,,,,,,,,,,,,,,,,,,,,,,recompense,,,,,,,,,,,,,,,,,,,,prohibitively,,,,,,,,,,,,,,,,,,,recompense,,
,,,,,,,,,,,,,,,,,,,,,,,,,,,,,,,,,,,,,,,extensively,,,,,,,,exceedingly,,,,,,,,,,,,,,,,,,,,,,,,,,,,,,,,,,,,,,,,,,,,,,,,,,,,,debug,,,,,,,,,,,,,,,,,,,,vitally,,,,,,,,,,,,,,,,,,,debug,,
,,,,,,,,,,,,,,,,,,,,,,,,,,,,,,,,,,,,,,,largely,,,,,,,,greatly,,,,,,,,,,,,,,,,,,,,,,,,,,,,,,,,,,,,,,,,,,,,,,,,,,,,,balance,,,,,,,,,,,,,,,,,,,,abundantly,,,,,,,,,,,,,,,,,,,balance,,
,,,,,,,,,,,,,,,,,,,,,,,,,,,,,,,,,,,,,,,notably,,,,,,,,notably,,,,,,,,,,,,,,,,,,,,,,,,,,,,,,,,,,,,,,,,,,,,,,,,,,,,,conscientious,,,,,,,,,,,,,,,,,,,,eminently,,,,,,,,,,,,,,,,,,,conscientious,,
,,,,,,,,,,,,,,,,,,,,,,,,,,,,,,,,,,,,,,,positively,,,,,,,,suitably,,,,,,,,,,,,,,,,,,,,,,,,,,,,,,,,,,,,,,,,,,,,,,,,,,,,,equitable,,,,,,,,,,,,,,,,,,,,emphatically,,,,,,,,,,,,,,,,,,,equitable,,
,,,,,,,,,,,,,,,,,,,,,,,,,,,,,,,,,,,,,,,powerfully,,,,,,,,very,,,,,,,,,,,,,,,,,,,,,,,,,,,,,,,,,,,,,,,,,,,,,,,,,,,,,ethical,,,,,,,,,,,,,,,,,,,,exceedingly,,,,,,,,,,,,,,,,,,,ethical,,
,,,,,,,,,,,,,,,,,,,,,,,,,,,,,,,,,,,,,,,substantially,,,,,,,,conspicuously,,,,,,,,,,,,,,,,,,,,,,,,,,,,,,,,,,,,,,,,,,,,,,,,,,,,,justifiable,,,,,,,,,,,,,,,,,,,,exceptionally,,,,,,,,,,,,,,,,,,,justifiable,,
,,,,,,,,,,,,,,,,,,,,,,,,,,,,,,,,,,,,,,,vastly,,,,,,,,outstandingly,,,,,,,,,,,,,,,,,,,,,,,,,,,,,,,,,,,,,,,,,,,,,,,,,,,,,lawful,,,,,,,,,,,,,,,,,,,,incomparably,,,,,,,,,,,,,,,,,,,lawful,,
,,,,,,,,,,,,,,,,,,,,,,,,,,,,,,,,,,,,,,,astonishingly,,,,,,,,prominently,,,,,,,,,,,,,,,,,,,,,,,,,,,,,,,,,,,,,,,,,,,,,,,,,,,,,righteous,,,,,,,,,,,,,,,,,,,,infinitely,,,,,,,,,,,,,,,,,,,righteous,,
,,,,,,,,,,,,,,,,,,,,,,,,,,,,,,,,,,,,,,,exaggeratedly,,,,,,,,surpassingly,,,,,,,,,,,,,,,,,,,,,,,,,,,,,,,,,,,,,,,,,,,,,,,,,,,,,rightful,,,,,,,,,,,,,,,,,,,,intensely,,,,,,,,,,,,,,,,,,,rightful,,
,,,,,,,,,,,,,,,,,,,,,,,,,,,,,,,,,,,,,,,indispensably,,,,,,,,eminently,,,,,,,,,,,,,,,,,,,,,,,,,,,,,,,,,,,,,,,,,,,,,,,,,,,,,scrupulous,,,,,,,,,,,,,,,,,,,,most,,,,,,,,,,,,,,,,,,,scrupulous,,
,,,,,,,,,,,,,,,,,,,,,,,,,,,,,,,,,,,,,,,pressingly,,,,,,,,expressly,,,,,,,,,,,,,,,,,,,,,,,,,,,,,,,,,,,,,,,,,,,,,,,,,,,,,virtuous,,,,,,,,,,,,,,,,,,,,much,,,,,,,,,,,,,,,,,,,virtuous,,
,,,,,,,,,,,,,,,,,,,,,,,,,,,,,,,,,,,,,,,prodigiously,,,,,,,,extraordinarily,,,,,,,,,,,,,,,,,,,,,,,,,,,,,,,,,,,,,,,,,,,,,,,,,,,,,condign,,,,,,,,,,,,,,,,,,,,powerfully,,,,,,,,,,,,,,,,,,,condign,,
,,,,,,,,,,,,,,,,,,,,,,,,,,,,,,,,,,,,,,,superlatively,,,,,,,,mainly,,,,,,,,,,,,,,,,,,,,,,,,,,,,,,,,,,,,,,,,,,,,,,,,,,,,,stand-up,,,,,,,,,,,,,,,,,,,,inimitably,,,,,,,,,,,,,,,,,,,stand-up,,
,,,,,,,,,,,,,,,,,,,,,,,,,,,,,,,,,,,,,,,surpassingly,,,,,,,,markedly,,,,,,,,,,,,,,,,,,,,,,,,,,,,,,,,,,,,,,,,,,,,,,,,,,,,,admissible,,,,,,,,,,,,,,,,,,,,conspicuously,,,,,,,,,,,,,,,,,,,admissible,,
,,,,,,,,,,,,,,,,,,,,,,,,,,,,,,,,,,,,,,,notably,,,,,,,,oddly,,,,,,,,,,,,,,,,,,,,,,,,,,,,,,,,,,,,,,,,,,,,,,,,,,,,,authentic,,,,,,,,,,,,,,,,,,,,famously,,,,,,,,,,,,,,,,,,,authentic,,
,,,,,,,,,,,,,,,,,,,,,,,,,,,,,,,,,,,,,,,very,,,,,,,,preeminently,,,,,,,,,,,,,,,,,,,,,,,,,,,,,,,,,,,,,,,,,,,,,,,,,,,,,factual,,,,,,,,,,,,,,,,,,,,glaringly,,,,,,,,,,,,,,,,,,,factual,,
,,,,,,,,,,,,,,,,,,,,,,,,,,,,,,,,,,,,,,,,,,,,,,,primarily,,,,,,,,,,,,,,,,,,,,,,,,,,,,,,,,,,,,,,,,,,,,,,,,,,,,,genuine,,,,,,,,,,,,,,,,,,,,incalculably,,,,,,,,,,,,,,,,,,,genuine,,
,,,,,,,,,,,,,,,,,,,,,,,,,,,,,,,,,,,,,,,,,,,,,,,singularly,,,,,,,,,,,,,,,,,,,,,,,,,,,,,,,,,,,,,,,,,,,,,,,,,,,,,immaculate,,,,,,,,,,,,,,,,,,,,strikingly,,,,,,,,,,,,,,,,,,,immaculate,,
,,,,,,,,,,,,,,,,,,,,,,,,,,,,,,,,,,,,,,,,,,,,,,,strangely,,,,,,,,,,,,,,,,,,,,,,,,,,,,,,,,,,,,,,,,,,,,,,,,,,,,,indubitable,,,,,,,,,,,,,,,,,,,,superlatively,,,,,,,,,,,,,,,,,,,indubitable,,
,,,,,,,,,,,,,,,,,,,,,,,,,,,,,,,,,,,,,,,,,,,,,,,uncommonly,,,,,,,,,,,,,,,,,,,,,,,,,,,,,,,,,,,,,,,,,,,,,,,,,,,,,infallible,,,,,,,,,,,,,,,,,,,,supremely,,,,,,,,,,,,,,,,,,,infallible,,
,,,,,,,,,,,,,,,,,,,,,,,,,,,,,,,,,,,,,,,,,,,,,,,unusually,,,,,,,,,,,,,,,,,,,,,,,,,,,,,,,,,,,,,,,,,,,,,,,,,,,,,just,,,,,,,,,,,,,,,,,,,,awful,,,,,,,,,,,,,,,,,,,just,,
,,,,,,,,,,,,,,,,,,,,,,,,,,,,,,,,,,,,,,,,,,,,,,,wonderfully,,,,,,,,,,,,,,,,,,,,,,,,,,,,,,,,,,,,,,,,,,,,,,,,,,,,,out-and-out,,,,,,,,,,,,,,,,,,,,awfully,,,,,,,,,,,,,,,,,,,out-and-out,,
,,,,,,,,,,,,,,,,,,,,,,,,,,,,,,,,,,,,,,,,,,,,,,,remarkably,,,,,,,,,,,,,,,,,,,,,,,,,,,,,,,,,,,,,,,,,,,,,,,,,,,,,punctilious,,,,,,,,,,,,,,,,,,,,bloody,,,,,,,,,,,,,,,,,,,punctilious,,
,,,,,,,,,,,,,,,,,,,,,,,,,,,,,,,,,,,,,,,,,,,,,,,abnormally,,,,,,,,,,,,,,,,,,,,,,,,,,,,,,,,,,,,,,,,,,,,,,,,,,,,,righteous,,,,,,,,,,,,,,,,,,,,jolly,,,,,,,,,,,,,,,,,,,righteous,,
,,,,,,,,,,,,,,,,,,,,,,,,,,,,,,,,,,,,,,,,,,,,,,,conspicuously,,,,,,,,,,,,,,,,,,,,,,,,,,,,,,,,,,,,,,,,,,,,,,,,,,,,,rigorous,,,,,,,,,,,,,,,,,,,,mighty,,,,,,,,,,,,,,,,,,,rigorous,,
,,,,,,,,,,,,,,,,,,,,,,,,,,,,,,,,,,,,,,,,,,,,,,,curiously,,,,,,,,,,,,,,,,,,,,,,,,,,,,,,,,,,,,,,,,,,,,,,,,,,,,,satisfactory,,,,,,,,,,,,,,,,,,,,notably,,,,,,,,,,,,,,,,,,,satisfactory,,
,,,,,,,,,,,,,,,,,,,,,,,,,,,,,,,,,,,,,,,,,,,,,,,outstandingly,,,,,,,,,,,,,,,,,,,,,,,,,,,,,,,,,,,,,,,,,,,,,,,,,,,,,solemn,,,,,,,,,,,,,,,,,,,,plenty,,,,,,,,,,,,,,,,,,,solemn,,
,,,,,,,,,,,,,,,,,,,,,,,,,,,,,,,,,,,,,,,,,,,,,,,signally,,,,,,,,,,,,,,,,,,,,,,,,,,,,,,,,,,,,,,,,,,,,,,,,,,,,,strict,,,,,,,,,,,,,,,,,,,,powerful,,,,,,,,,,,,,,,,,,,strict,,
,,,,,,,,,,,,,,,,,,,,,,,,,,,,,,,,,,,,,,,,,,,,,,,supremely,,,,,,,,,,,,,,,,,,,,,,,,,,,,,,,,,,,,,,,,,,,,,,,,,,,,,thoroughgoing,,,,,,,,,,,,,,,,,,,,real,,,,,,,,,,,,,,,,,,,thoroughgoing,,
,,,,,,,,,,,,,,,,,,,,,,,,,,,,,,,,,,,,,,,,,,,,,,,unaccountably,,,,,,,,,,,,,,,,,,,,,,,,,,,,,,,,,,,,,,,,,,,,,,,,,,,,,undoubted,,,,,,,,,,,,,,,,,,,,right,,,,,,,,,,,,,,,,,,,undoubted,,
,,,,,,,,,,,,,,,,,,,,,,,,,,,,,,,,,,,,,,,,,,,,,,,uncustomarily,,,,,,,,,,,,,,,,,,,,,,,,,,,,,,,,,,,,,,,,,,,,,,,,,,,,,unerring,,,,,,,,,,,,,,,,,,,,parlous,,,,,,,,,,,,,,,,,,,unerring,,
,,,,,,,,,,,,,,,,,,,,,,,,,,,,,,,,,,,,,,,,,,,,,,,uniquely,,,,,,,,,,,,,,,,,,,,,,,,,,,,,,,,,,,,,,,,,,,,,,,,,,,,,veracious,,,,,,,,,,,,,,,,,,,,mucho,,,,,,,,,,,,,,,,,,,veracious,,
,,,,,,,,,,,,,,,,,,,,,,,,,,,,,,,,,,,,,,,,,,,,,,,especially,,,,,,,,,,,,,,,,,,,,,,,,,,,,,,,,,,,,,,,,,,,,,,,,,,,,,veritable,,,,,,,,,,,,,,,,,,,,terrifically,,,,,,,,,,,,,,,,,,,veritable,,
,,,,,,,,,,,,,,,,,,,,,,,,,,,,,,,,,,,,,,,,,,,,,,,greatly,,,,,,,,,,,,,,,,,,,,,,,,,,,,,,,,,,,,,,,,,,,,,,,,,,,,,veridical,,,,,,,,,,,,,,,,,,,,decidedly,,,,,,,,,,,,,,,,,,,veridical,,
,,,,,,,,,,,,,,,,,,,,,,,,,,,,,,,,,,,,,,,,,,,,,,,powerful,,,,,,,,,,,,,,,,,,,,,,,,,,,,,,,,,,,,,,,,,,,,,,,,,,,,,inerrant,,,,,,,,,,,,,,,,,,,,exceedingly,,,,,,,,,,,,,,,,,,,inerrant,,
,,,,,,,,,,,,,,,,,,,,,,,,,,,,,,,,,,,,,,,,,,,,,,,immoderately,,,,,,,,,,,,,,,,,,,,,,,,,,,,,,,,,,,,,,,,,,,,,,,,,,,,,undistorted,,,,,,,,,,,,,,,,,,,,highly,,,,,,,,,,,,,,,,,,,undistorted,,
,,,,,,,,,,,,,,,,,,,,,,,,,,,,,,,,,,,,,,,,,,,,,,,superlatively,,,,,,,,,,,,,,,,,,,,,,,,,,,,,,,,,,,,,,,,,,,,,,,,,,,,,unmistaken,,,,,,,,,,,,,,,,,,,,notably,,,,,,,,,,,,,,,,,,,unmistaken,,
,,,,,,,,,,,,,,,,,,,,,,,,,,,,,,,,,,,,,,,,,,,,,,,surpassingly,,,,,,,,,,,,,,,,,,,,,,,,,,,,,,,,,,,,,,,,,,,,,,,,,,,,,watertight,,,,,,,,,,,,,,,,,,,,very,,,,,,,,,,,,,,,,,,,watertight,,
,,,,,,,,,,,,,,,,,,,,,,,,,,,,,,,,,,,,,,,,,,,,,,,vitally,,,,,,,,,,,,,,,,,,,,,,,,,,,,,,,,,,,,,,,,,,,,,,,,,,,,,adequate,,,,,,,,,,,,,,,,,,,,approximately,,,,,,,,,,,,,,,,,,,adequate,,
,,,,,,,,,,,,,,,,,,,,,,,,,,,,,,,,,,,,,,,,,,,,,,,almighty,,,,,,,,,,,,,,,,,,,,,,,,,,,,,,,,,,,,,,,,,,,,,,,,,,,,,advantageous,,,,,,,,,,,,,,,,,,,,close,,,,,,,,,,,,,,,,,,,advantageous,,
,,,,,,,,,,,,,,,,,,,,,,,,,,,,,,,,,,,,,,,,,,,,,,,markedly,,,,,,,,,,,,,,,,,,,,,,,,,,,,,,,,,,,,,,,,,,,,,,,,,,,,,comely,,,,,,,,,,,,,,,,,,,,eminently,,,,,,,,,,,,,,,,,,,comely,,
,,,,,,,,,,,,,,,,,,,,,,,,,,,,,,,,,,,,,,,,,,,,,,,mortally,,,,,,,,,,,,,,,,,,,,,,,,,,,,,,,,,,,,,,,,,,,,,,,,,,,,,decorous,,,,,,,,,,,,,,,,,,,,mightily,,,,,,,,,,,,,,,,,,,decorous,,
,,,,,,,,,,,,,,,,,,,,,,,,,,,,,,,,,,,,,,,,,,,,,,,notably,,,,,,,,,,,,,,,,,,,,,,,,,,,,,,,,,,,,,,,,,,,,,,,,,,,,,favorable,,,,,,,,,,,,,,,,,,,,practically,,,,,,,,,,,,,,,,,,,favorable,,
,,,,,,,,,,,,,,,,,,,,,,,,,,,,,,,,,,,,,,,,,,,,,,,over,,,,,,,,,,,,,,,,,,,,,,,,,,,,,,,,,,,,,,,,,,,,,,,,,,,,,felicitous,,,,,,,,,,,,,,,,,,,,super,,,,,,,,,,,,,,,,,,,felicitous,,
,,,,,,,,,,,,,,,,,,,,,,,,,,,,,,,,,,,,,,,,,,,,,,,plenty,,,,,,,,,,,,,,,,,,,,,,,,,,,,,,,,,,,,,,,,,,,,,,,,,,,,,opportune,,,,,,,,,,,,,,,,,,,,decidedly,,,,,,,,,,,,,,,,,,,opportune,,
,,,,,,,,,,,,,,,,,,,,,,,,,,,,,,,,,,,,,,,,,,,,,,,powerful,,,,,,,,,,,,,,,,,,,,,,,,,,,,,,,,,,,,,,,,,,,,,,,,,,,,,propitious,,,,,,,,,,,,,,,,,,,,eminently,,,,,,,,,,,,,,,,,,,propitious,,
,,,,,,,,,,,,,,,,,,,,,,,,,,,,,,,,,,,,,,,,,,,,,,,radically,,,,,,,,,,,,,,,,,,,,,,,,,,,,,,,,,,,,,,,,,,,,,,,,,,,,,rightful,,,,,,,,,,,,,,,,,,,,exceedingly,,,,,,,,,,,,,,,,,,,rightful,,
,,,,,,,,,,,,,,,,,,,,,,,,,,,,,,,,,,,,,,,,,,,,,,,rarely,,,,,,,,,,,,,,,,,,,,,,,,,,,,,,,,,,,,,,,,,,,,,,,,,,,,,satisfactory,,,,,,,,,,,,,,,,,,,,notably,,,,,,,,,,,,,,,,,,,satisfactory,,
,,,,,,,,,,,,,,,,,,,,,,,,,,,,,,,,,,,,,,,,,,,,,,,ultra,,,,,,,,,,,,,,,,,,,,,,,,,,,,,,,,,,,,,,,,,,,,,,,,,,,,,seemly,,,,,,,,,,,,,,,,,,,,repeatedly,,,,,,,,,,,,,,,,,,,seemly,,
,,,,,,,,,,,,,,,,,,,,,,,,,,,,,,,,,,,,,,,,,,,,,,,violently,,,,,,,,,,,,,,,,,,,,,,,,,,,,,,,,,,,,,,,,,,,,,,,,,,,,,tolerable,,,,,,,,,,,,,,,,,,,,hugely,,,,,,,,,,,,,,,,,,,tolerable,,
,,,,,,,,,,,,,,,,,,,,,,,,,,,,,,,,,,,,,,,,,,,,,,,overmuch,,,,,,,,,,,,,,,,,,,,,,,,,,,,,,,,,,,,,,,,,,,,,,,,,,,,,condign,,,,,,,,,,,,,,,,,,,,oft,,,,,,,,,,,,,,,,,,,condign,,
,,,,,,,,,,,,,,,,,,,,,,,,,,,,,,,,,,,,,,,,,,,,,,,parlous,,,,,,,,,,,,,,,,,,,,,,,,,,,,,,,,,,,,,,,,,,,,,,,,,,,,,circumspect,,,,,,,,,,,,,,,,,,,,acutely,,,,,,,,,,,,,,,,,,,circumspect,,
,,,,,,,,,,,,,,,,,,,,,,,,,,,,,,,,,,,,,,,,,,,,,,,drastically,,,,,,,,,,,,,,,,,,,,,,,,,,,,,,,,,,,,,,,,,,,,,,,,,,,,,discreet,,,,,,,,,,,,,,,,,,,,amply,,,,,,,,,,,,,,,,,,,discreet,,
,,,,,,,,,,,,,,,,,,,,,,,,,,,,,,,,,,,,,,,,,,,,,,,exorbitantly,,,,,,,,,,,,,,,,,,,,,,,,,,,,,,,,,,,,,,,,,,,,,,,,,,,,,far-sighted,,,,,,,,,,,,,,,,,,,,considerably,,,,,,,,,,,,,,,,,,,far-sighted,,
,,,,,,,,,,,,,,,,,,,,,,,,,,,,,,,,,,,,,,,,,,,,,,,immoderately,,,,,,,,,,,,,,,,,,,,,,,,,,,,,,,,,,,,,,,,,,,,,,,,,,,,,judicious,,,,,,,,,,,,,,,,,,,,dearly,,,,,,,,,,,,,,,,,,,judicious,,
,,,,,,,,,,,,,,,,,,,,,,,,,,,,,,,,,,,,,,,,,,,,,,,prohibitively,,,,,,,,,,,,,,,,,,,,,,,,,,,,,,,,,,,,,,,,,,,,,,,,,,,,,lucid,,,,,,,,,,,,,,,,,,,,emphatically,,,,,,,,,,,,,,,,,,,lucid,,
,,,,,,,,,,,,,,,,,,,,,,,,,,,,,,,,,,,,,,,,,,,,,,,surpassingly,,,,,,,,,,,,,,,,,,,,,,,,,,,,,,,,,,,,,,,,,,,,,,,,,,,,,unimpaired,,,,,,,,,,,,,,,,,,,,extensively,,,,,,,,,,,,,,,,,,,unimpaired,,
,,,,,,,,,,,,,,,,,,,,,,,,,,,,,,,,,,,,,,,,,,,,,,,vitally,,,,,,,,,,,,,,,,,,,,,,,,,,,,,,,,,,,,,,,,,,,,,,,,,,,,,die-hard,,,,,,,,,,,,,,,,,,,,largely,,,,,,,,,,,,,,,,,,,die-hard,,
,,,,,,,,,,,,,,,,,,,,,,,,,,,,,,,,,,,,,,,,,,,,,,,abundantly,,,,,,,,,,,,,,,,,,,,,,,,,,,,,,,,,,,,,,,,,,,,,,,,,,,,,orthodox,,,,,,,,,,,,,,,,,,,,notably,,,,,,,,,,,,,,,,,,,orthodox,,
,,,,,,,,,,,,,,,,,,,,,,,,,,,,,,,,,,,,,,,,,,,,,,,eminently,,,,,,,,,,,,,,,,,,,,,,,,,,,,,,,,,,,,,,,,,,,,,,,,,,,,,traditionalistic,,,,,,,,,,,,,,,,,,,,positively,,,,,,,,,,,,,,,,,,,traditionalistic,,
,,,,,,,,,,,,,,,,,,,,,,,,,,,,,,,,,,,,,,,,,,,,,,,emphatically,,,,,,,,,,,,,,,,,,,,,,,,,,,,,,,,,,,,,,,,,,,,,,,,,,,,,old-line,,,,,,,,,,,,,,,,,,,,powerfully,,,,,,,,,,,,,,,,,,,old-line,,
,,,,,,,,,,,,,,,,,,,,,,,,,,,,,,,,,,,,,,,,,,,,,,,exceedingly,,,,,,,,,,,,,,,,,,,,,,,,,,,,,,,,,,,,,,,,,,,,,,,,,,,,,clockwise,,,,,,,,,,,,,,,,,,,,substantially,,,,,,,,,,,,,,,,,,,clockwise,,
,,,,,,,,,,,,,,,,,,,,,,,,,,,,,,,,,,,,,,,,,,,,,,,exceptionally,,,,,,,,,,,,,,,,,,,,,,,,,,,,,,,,,,,,,,,,,,,,,,,,,,,,,dexter,,,,,,,,,,,,,,,,,,,,vastly,,,,,,,,,,,,,,,,,,,dexter,,
,,,,,,,,,,,,,,,,,,,,,,,,,,,,,,,,,,,,,,,,,,,,,,,incomparably,,,,,,,,,,,,,,,,,,,,,,,,,,,,,,,,,,,,,,,,,,,,,,,,,,,,,dextral,,,,,,,,,,,,,,,,,,,,astonishingly,,,,,,,,,,,,,,,,,,,dextral,,
,,,,,,,,,,,,,,,,,,,,,,,,,,,,,,,,,,,,,,,,,,,,,,,infinitely,,,,,,,,,,,,,,,,,,,,,,,,,,,,,,,,,,,,,,,,,,,,,,,,,,,,,right-handed,,,,,,,,,,,,,,,,,,,,exaggeratedly,,,,,,,,,,,,,,,,,,,right-handed,,
,,,,,,,,,,,,,,,,,,,,,,,,,,,,,,,,,,,,,,,,,,,,,,,intensely,,,,,,,,,,,,,,,,,,,,,,,,,,,,,,,,,,,,,,,,,,,,,,,,,,,,,absolutely,,,,,,,,,,,,,,,,,,,,indispensably,,,,,,,,,,,,,,,,,,,absolutely,,
,,,,,,,,,,,,,,,,,,,,,,,,,,,,,,,,,,,,,,,,,,,,,,,most,,,,,,,,,,,,,,,,,,,,,,,,,,,,,,,,,,,,,,,,,,,,,,,,,,,,,completely,,,,,,,,,,,,,,,,,,,,pressingly,,,,,,,,,,,,,,,,,,,completely,,
,,,,,,,,,,,,,,,,,,,,,,,,,,,,,,,,,,,,,,,,,,,,,,,much,,,,,,,,,,,,,,,,,,,,,,,,,,,,,,,,,,,,,,,,,,,,,,,,,,,,,entirely,,,,,,,,,,,,,,,,,,,,prodigiously,,,,,,,,,,,,,,,,,,,entirely,,
,,,,,,,,,,,,,,,,,,,,,,,,,,,,,,,,,,,,,,,,,,,,,,,powerfully,,,,,,,,,,,,,,,,,,,,,,,,,,,,,,,,,,,,,,,,,,,,,,,,,,,,,exactly,,,,,,,,,,,,,,,,,,,,superlatively,,,,,,,,,,,,,,,,,,,exactly,,
,,,,,,,,,,,,,,,,,,,,,,,,,,,,,,,,,,,,,,,,,,,,,,,inimitably,,,,,,,,,,,,,,,,,,,,,,,,,,,,,,,,,,,,,,,,,,,,,,,,,,,,,fully,,,,,,,,,,,,,,,,,,,,,,,,,,,,,,,,,,,,,,,fully,,
,,,,,,,,,,,,,,,,,,,,,,,,,,,,,,,,,,,,,,,,,,,,,,,conspicuously,,,,,,,,,,,,,,,,,,,,,,,,,,,,,,,,,,,,,,,,,,,,,,,,,,,,,just,,,,,,,,,,,,,,,,,,,,,,,,,,,,,,,,,,,,,,,just,,
,,,,,,,,,,,,,,,,,,,,,,,,,,,,,,,,,,,,,,,,,,,,,,,famously,,,,,,,,,,,,,,,,,,,,,,,,,,,,,,,,,,,,,,,,,,,,,,,,,,,,,perfectly,,,,,,,,,,,,,,,,,,,,,,,,,,,,,,,,,,,,,,,perfectly,,
,,,,,,,,,,,,,,,,,,,,,,,,,,,,,,,,,,,,,,,,,,,,,,,glaringly,,,,,,,,,,,,,,,,,,,,,,,,,,,,,,,,,,,,,,,,,,,,,,,,,,,,,quite,,,,,,,,,,,,,,,,,,,,,,,,,,,,,,,,,,,,,,,quite,,
,,,,,,,,,,,,,,,,,,,,,,,,,,,,,,,,,,,,,,,,,,,,,,,incalculably,,,,,,,,,,,,,,,,,,,,,,,,,,,,,,,,,,,,,,,,,,,,,,,,,,,,,squarely,,,,,,,,,,,,,,,,,,,,,,,,,,,,,,,,,,,,,,,squarely,,
,,,,,,,,,,,,,,,,,,,,,,,,,,,,,,,,,,,,,,,,,,,,,,,superlatively,,,,,,,,,,,,,,,,,,,,,,,,,,,,,,,,,,,,,,,,,,,,,,,,,,,,,thoroughly,,,,,,,,,,,,,,,,,,,,,,,,,,,,,,,,,,,,,,,thoroughly,,
,,,,,,,,,,,,,,,,,,,,,,,,,,,,,,,,,,,,,,,,,,,,,,,supremely,,,,,,,,,,,,,,,,,,,,,,,,,,,,,,,,,,,,,,,,,,,,,,,,,,,,,totally,,,,,,,,,,,,,,,,,,,,,,,,,,,,,,,,,,,,,,,totally,,
,,,,,,,,,,,,,,,,,,,,,,,,,,,,,,,,,,,,,,,,,,,,,,,surpassingly,,,,,,,,,,,,,,,,,,,,,,,,,,,,,,,,,,,,,,,,,,,,,,,,,,,,,truly,,,,,,,,,,,,,,,,,,,,,,,,,,,,,,,,,,,,,,,truly,,
,,,,,,,,,,,,,,,,,,,,,,,,,,,,,,,,,,,,,,,,,,,,,,,awful,,,,,,,,,,,,,,,,,,,,,,,,,,,,,,,,,,,,,,,,,,,,,,,,,,,,,utterly,,,,,,,,,,,,,,,,,,,,,,,,,,,,,,,,,,,,,,,utterly,,
,,,,,,,,,,,,,,,,,,,,,,,,,,,,,,,,,,,,,,,,,,,,,,,awfully,,,,,,,,,,,,,,,,,,,,,,,,,,,,,,,,,,,,,,,,,,,,,,,,,,,,,wholly,,,,,,,,,,,,,,,,,,,,,,,,,,,,,,,,,,,,,,,wholly,,
,,,,,,,,,,,,,,,,,,,,,,,,,,,,,,,,,,,,,,,,,,,,,,,bloody,,,,,,,,,,,,,,,,,,,,,,,,,,,,,,,,,,,,,,,,,,,,,,,,,,,,,genuinely,,,,,,,,,,,,,,,,,,,,,,,,,,,,,,,,,,,,,,,genuinely,,
,,,,,,,,,,,,,,,,,,,,,,,,,,,,,,,,,,,,,,,,,,,,,,,jolly,,,,,,,,,,,,,,,,,,,,,,,,,,,,,,,,,,,,,,,,,,,,,,,,,,,,,smack-dab,,,,,,,,,,,,,,,,,,,,,,,,,,,,,,,,,,,,,,,smack-dab,,
,,,,,,,,,,,,,,,,,,,,,,,,,,,,,,,,,,,,,,,,,,,,,,,mighty,,,,,,,,,,,,,,,,,,,,,,,,,,,,,,,,,,,,,,,,,,,,,,,,,,,,,factually,,,,,,,,,,,,,,,,,,,,,,,,,,,,,,,,,,,,,,,factually,,
,,,,,,,,,,,,,,,,,,,,,,,,,,,,,,,,,,,,,,,,,,,,,,,notably,,,,,,,,,,,,,,,,,,,,,,,,,,,,,,,,,,,,,,,,,,,,,,,,,,,,,adequately,,,,,,,,,,,,,,,,,,,,,,,,,,,,,,,,,,,,,,,adequately,,
,,,,,,,,,,,,,,,,,,,,,,,,,,,,,,,,,,,,,,,,,,,,,,,plenty,,,,,,,,,,,,,,,,,,,,,,,,,,,,,,,,,,,,,,,,,,,,,,,,,,,,,amply,,,,,,,,,,,,,,,,,,,,,,,,,,,,,,,,,,,,,,,amply,,
,,,,,,,,,,,,,,,,,,,,,,,,,,,,,,,,,,,,,,,,,,,,,,,powerful,,,,,,,,,,,,,,,,,,,,,,,,,,,,,,,,,,,,,,,,,,,,,,,,,,,,,satisfactorily,,,,,,,,,,,,,,,,,,,,,,,,,,,,,,,,,,,,,,,satisfactorily,,
,,,,,,,,,,,,,,,,,,,,,,,,,,,,,,,,,,,,,,,,,,,,,,,real,,,,,,,,,,,,,,,,,,,,,,,,,,,,,,,,,,,,,,,,,,,,,,,,,,,,,acceptably,,,,,,,,,,,,,,,,,,,,,,,,,,,,,,,,,,,,,,,acceptably,,
,,,,,,,,,,,,,,,,,,,,,,,,,,,,,,,,,,,,,,,,,,,,,,,right,,,,,,,,,,,,,,,,,,,,,,,,,,,,,,,,,,,,,,,,,,,,,,,,,,,,,aptly,,,,,,,,,,,,,,,,,,,,,,,,,,,,,,,,,,,,,,,aptly,,
,,,,,,,,,,,,,,,,,,,,,,,,,,,,,,,,,,,,,,,,,,,,,,,parlous,,,,,,,,,,,,,,,,,,,,,,,,,,,,,,,,,,,,,,,,,,,,,,,,,,,,,becomingly,,,,,,,,,,,,,,,,,,,,,,,,,,,,,,,,,,,,,,,becomingly,,
,,,,,,,,,,,,,,,,,,,,,,,,,,,,,,,,,,,,,,,,,,,,,,,mucho,,,,,,,,,,,,,,,,,,,,,,,,,,,,,,,,,,,,,,,,,,,,,,,,,,,,,befittingly,,,,,,,,,,,,,,,,,,,,,,,,,,,,,,,,,,,,,,,befittingly,,
,,,,,,,,,,,,,,,,,,,,,,,,,,,,,,,,,,,,,,,,,,,,,,,surpassingly,,,,,,,,,,,,,,,,,,,,,,,,,,,,,,,,,,,,,,,,,,,,,,,,,,,,,fittingly,,,,,,,,,,,,,,,,,,,,,,,,,,,,,,,,,,,,,,,fittingly,,
,,,,,,,,,,,,,,,,,,,,,,,,,,,,,,,,,,,,,,,,,,,,,,,terrifically,,,,,,,,,,,,,,,,,,,,,,,,,,,,,,,,,,,,,,,,,,,,,,,,,,,,,evenly,,,,,,,,,,,,,,,,,,,,,,,,,,,,,,,,,,,,,,,evenly,,
,,,,,,,,,,,,,,,,,,,,,,,,,,,,,,,,,,,,,,,,,,,,,,,clearly,,,,,,,,,,,,,,,,,,,,,,,,,,,,,,,,,,,,,,,,,,,,,,,,,,,,,honestly,,,,,,,,,,,,,,,,,,,,,,,,,,,,,,,,,,,,,,,honestly,,
,,,,,,,,,,,,,,,,,,,,,,,,,,,,,,,,,,,,,,,,,,,,,,,especially,,,,,,,,,,,,,,,,,,,,,,,,,,,,,,,,,,,,,,,,,,,,,,,,,,,,,honorably,,,,,,,,,,,,,,,,,,,,,,,,,,,,,,,,,,,,,,,honorably,,
,,,,,,,,,,,,,,,,,,,,,,,,,,,,,,,,,,,,,,,,,,,,,,,evidently,,,,,,,,,,,,,,,,,,,,,,,,,,,,,,,,,,,,,,,,,,,,,,,,,,,,,morally,,,,,,,,,,,,,,,,,,,,,,,,,,,,,,,,,,,,,,,morally,,
,,,,,,,,,,,,,,,,,,,,,,,,,,,,,,,,,,,,,,,,,,,,,,,particularly,,,,,,,,,,,,,,,,,,,,,,,,,,,,,,,,,,,,,,,,,,,,,,,,,,,,,objectively,,,,,,,,,,,,,,,,,,,,,,,,,,,,,,,,,,,,,,,objectively,,
,,,,,,,,,,,,,,,,,,,,,,,,,,,,,,,,,,,,,,,,,,,,,,,manifestly,,,,,,,,,,,,,,,,,,,,,,,,,,,,,,,,,,,,,,,,,,,,,,,,,,,,,reliably,,,,,,,,,,,,,,,,,,,,,,,,,,,,,,,,,,,,,,,reliably,,
,,,,,,,,,,,,,,,,,,,,,,,,,,,,,,,,,,,,,,,,,,,,,,,outstandingly,,,,,,,,,,,,,,,,,,,,,,,,,,,,,,,,,,,,,,,,,,,,,,,,,,,,,sincerely,,,,,,,,,,,,,,,,,,,,,,,,,,,,,,,,,,,,,,,sincerely,,
,,,,,,,,,,,,,,,,,,,,,,,,,,,,,,,,,,,,,,,,,,,,,,,patently,,,,,,,,,,,,,,,,,,,,,,,,,,,,,,,,,,,,,,,,,,,,,,,,,,,,,squarely,,,,,,,,,,,,,,,,,,,,,,,,,,,,,,,,,,,,,,,squarely,,
,,,,,,,,,,,,,,,,,,,,,,,,,,,,,,,,,,,,,,,,,,,,,,,signally,,,,,,,,,,,,,,,,,,,,,,,,,,,,,,,,,,,,,,,,,,,,,,,,,,,,,conscientiously,,,,,,,,,,,,,,,,,,,,,,,,,,,,,,,,,,,,,,,conscientiously,,
,,,,,,,,,,,,,,,,,,,,,,,,,,,,,,,,,,,,,,,,,,,,,,,distinctly,,,,,,,,,,,,,,,,,,,,,,,,,,,,,,,,,,,,,,,,,,,,,,,,,,,,,dispassionately,,,,,,,,,,,,,,,,,,,,,,,,,,,,,,,,,,,,,,,dispassionately,,
,,,,,,,,,,,,,,,,,,,,,,,,,,,,,,,,,,,,,,,,,,,,,,,exceedingly,,,,,,,,,,,,,,,,,,,,,,,,,,,,,,,,,,,,,,,,,,,,,,,,,,,,,equitably,,,,,,,,,,,,,,,,,,,,,,,,,,,,,,,,,,,,,,,equitably,,
,,,,,,,,,,,,,,,,,,,,,,,,,,,,,,,,,,,,,,,,,,,,,,,exceptionally,,,,,,,,,,,,,,,,,,,,,,,,,,,,,,,,,,,,,,,,,,,,,,,,,,,,,ethically,,,,,,,,,,,,,,,,,,,,,,,,,,,,,,,,,,,,,,,ethically,,
,,,,,,,,,,,,,,,,,,,,,,,,,,,,,,,,,,,,,,,,,,,,,,,extremely,,,,,,,,,,,,,,,,,,,,,,,,,,,,,,,,,,,,,,,,,,,,,,,,,,,,,impartially,,,,,,,,,,,,,,,,,,,,,,,,,,,,,,,,,,,,,,,impartially,,
,,,,,,,,,,,,,,,,,,,,,,,,,,,,,,,,,,,,,,,,,,,,,,,highly,,,,,,,,,,,,,,,,,,,,,,,,,,,,,,,,,,,,,,,,,,,,,,,,,,,,,lawfully,,,,,,,,,,,,,,,,,,,,,,,,,,,,,,,,,,,,,,,lawfully,,
,,,,,,,,,,,,,,,,,,,,,,,,,,,,,,,,,,,,,,,,,,,,,,,uncommonly,,,,,,,,,,,,,,,,,,,,,,,,,,,,,,,,,,,,,,,,,,,,,,,,,,,,,legitimately,,,,,,,,,,,,,,,,,,,,,,,,,,,,,,,,,,,,,,,legitimately,,
,,,,,,,,,,,,,,,,,,,,,,,,,,,,,,,,,,,,,,,,,,,,,,,hugely,,,,,,,,,,,,,,,,,,,,,,,,,,,,,,,,,,,,,,,,,,,,,,,,,,,,,righteously,,,,,,,,,,,,,,,,,,,,,,,,,,,,,,,,,,,,,,,righteously,,
,,,,,,,,,,,,,,,,,,,,,,,,,,,,,,,,,,,,,,,,,,,,,,,outstandingly,,,,,,,,,,,,,,,,,,,,,,,,,,,,,,,,,,,,,,,,,,,,,,,,,,,,,virtuously,,,,,,,,,,,,,,,,,,,,,,,,,,,,,,,,,,,,,,,virtuously,,
,,,,,,,,,,,,,,,,,,,,,,,,,,,,,,,,,,,,,,,,,,,,,,,reputably,,,,,,,,,,,,,,,,,,,,,,,,,,,,,,,,,,,,,,,,,,,,,,,,,,,,,advantageous,,,,,,,,,,,,,,,,,,,,,,,,,,,,,,,,,,,,,,,advantageous,,
,,,,,,,,,,,,,,,,,,,,,,,,,,,,,,,,,,,,,,,,,,,,,,,signally,,,,,,,,,,,,,,,,,,,,,,,,,,,,,,,,,,,,,,,,,,,,,,,,,,,,,exceedingly,,,,,,,,,,,,,,,,,,,,,,,,,,,,,,,,,,,,,,,exceedingly,,
,,,,,,,,,,,,,,,,,,,,,,,,,,,,,,,,,,,,,,,,,,,,,,,all,,,,,,,,,,,,,,,,,,,,,,,,,,,,,,,,,,,,,,,,,,,,,,,,,,,,,extremely,,,,,,,,,,,,,,,,,,,,,,,,,,,,,,,,,,,,,,,extremely,,
,,,,,,,,,,,,,,,,,,,,,,,,,,,,,,,,,,,,,,,,,,,,,,,exceedingly,,,,,,,,,,,,,,,,,,,,,,,,,,,,,,,,,,,,,,,,,,,,,,,,,,,,,favorably,,,,,,,,,,,,,,,,,,,,,,,,,,,,,,,,,,,,,,,favorably,,
,,,,,,,,,,,,,,,,,,,,,,,,,,,,,,,,,,,,,,,,,,,,,,,exceptionally,,,,,,,,,,,,,,,,,,,,,,,,,,,,,,,,,,,,,,,,,,,,,,,,,,,,,fortunately,,,,,,,,,,,,,,,,,,,,,,,,,,,,,,,,,,,,,,,fortunately,,
,,,,,,,,,,,,,,,,,,,,,,,,,,,,,,,,,,,,,,,,,,,,,,,hard,,,,,,,,,,,,,,,,,,,,,,,,,,,,,,,,,,,,,,,,,,,,,,,,,,,,,highly,,,,,,,,,,,,,,,,,,,,,,,,,,,,,,,,,,,,,,,highly,,
,,,,,,,,,,,,,,,,,,,,,,,,,,,,,,,,,,,,,,,,,,,,,,,notably,,,,,,,,,,,,,,,,,,,,,,,,,,,,,,,,,,,,,,,,,,,,,,,,,,,,,notably,,,,,,,,,,,,,,,,,,,,,,,,,,,,,,,,,,,,,,,notably,,
,,,,,,,,,,,,,,,,,,,,,,,,,,,,,,,,,,,,,,,,,,,,,,,throughout,,,,,,,,,,,,,,,,,,,,,,,,,,,,,,,,,,,,,,,,,,,,,,,,,,,,,perfectly,,,,,,,,,,,,,,,,,,,,,,,,,,,,,,,,,,,,,,,perfectly,,
,,,,,,,,,,,,,,,,,,,,,,,,,,,,,,,,,,,,,,,,,,,,,,,remarkably,,,,,,,,,,,,,,,,,,,,,,,,,,,,,,,,,,,,,,,,,,,,,,,,,,,,,very,,,,,,,,,,,,,,,,,,,,,,,,,,,,,,,,,,,,,,,very,,
,,,,,,,,,,,,,,,,,,,,,,,,,,,,,,,,,,,,,,,,,,,,,,,hugely,,,,,,,,,,,,,,,,,,,,,,,,,,,,,,,,,,,,,,,,,,,,,,,,,,,,,remarkably,,,,,,,,,,,,,,,,,,,,,,,,,,,,,,,,,,,,,,,remarkably,,
,,,,,,,,,,,,,,,,,,,,,,,,,,,,,,,,,,,,,,,,,,,,,,,sweepingly,,,,,,,,,,,,,,,,,,,,,,,,,,,,,,,,,,,,,,,,,,,,,,,,,,,,,forthwith,,,,,,,,,,,,,,,,,,,,,,,,,,,,,,,,,,,,,,,forthwith,,
,,,,,,,,,,,,,,,,,,,,,,,,,,,,,,,,,,,,,,,,,,,,,,,unremittingly,,,,,,,,,,,,,,,,,,,,,,,,,,,,,,,,,,,,,,,,,,,,,,,,,,,,,immediately,,,,,,,,,,,,,,,,,,,,,,,,,,,,,,,,,,,,,,,immediately,,
,,,,,,,,,,,,,,,,,,,,,,,,,,,,,,,,,,,,,,,,,,,,,,,beyond,,,,,,,,,,,,,,,,,,,,,,,,,,,,,,,,,,,,,,,,,,,,,,,,,,,,,instantly,,,,,,,,,,,,,,,,,,,,,,,,,,,,,,,,,,,,,,,instantly,,
,,,,,,,,,,,,,,,,,,,,,,,,,,,,,,,,,,,,,,,,,,,,,,,greatly,,,,,,,,,,,,,,,,,,,,,,,,,,,,,,,,,,,,,,,,,,,,,,,,,,,,,promptly,,,,,,,,,,,,,,,,,,,,,,,,,,,,,,,,,,,,,,,promptly,,
,,,,,,,,,,,,,,,,,,,,,,,,,,,,,,,,,,,,,,,,,,,,,,,notably,,,,,,,,,,,,,,,,,,,,,,,,,,,,,,,,,,,,,,,,,,,,,,,,,,,,,quickly,,,,,,,,,,,,,,,,,,,,,,,,,,,,,,,,,,,,,,,quickly,,
,,,,,,,,,,,,,,,,,,,,,,,,,,,,,,,,,,,,,,,,,,,,,,,over,,,,,,,,,,,,,,,,,,,,,,,,,,,,,,,,,,,,,,,,,,,,,,,,,,,,,instanter,,,,,,,,,,,,,,,,,,,,,,,,,,,,,,,,,,,,,,,instanter,,
,,,,,,,,,,,,,,,,,,,,,,,,,,,,,,,,,,,,,,,,,,,,,,,unreasonably,,,,,,,,,,,,,,,,,,,,,,,,,,,,,,,,,,,,,,,,,,,,,,,,,,,,,straightly,,,,,,,,,,,,,,,,,,,,,,,,,,,,,,,,,,,,,,,straightly,,
,,,,,,,,,,,,,,,,,,,,,,,,,,,,,,,,,,,,,,,,,,,,,,,overmuch,,,,,,,,,,,,,,,,,,,,,,,,,,,,,,,,,,,,,,,,,,,,,,,,,,,,,undeviatingly,,,,,,,,,,,,,,,,,,,,,,,,,,,,,,,,,,,,,,,undeviatingly,,
,,,,,,,,,,,,,,,,,,,,,,,,,,,,,,,,,,,,,,,,,,,,,,,exorbitantly,,,,,,,,,,,,,,,,,,,,,,,,,,,,,,,,,,,,,,,,,,,,,,,,,,,,,recalibrate,,,,,,,,,,,,,,,,,,,,,,,,,,,,,,,,,,,,,,,recalibrate,,
,,,,,,,,,,,,,,,,,,,,,,,,,,,,,,,,,,,,,,,,,,,,,,,immoderately,,,,,,,,,,,,,,,,,,,,,,,,,,,,,,,,,,,,,,,,,,,,,,,,,,,,,,,,,,,,,,,,,,,,,,,,,,,,,,,,,,,,,,,,,,,,,,
,,,,,,,,,,,,,,,,,,,,,,,,,,,,,,,,,,,,,,,,,,,,,,,inordinately,,,,,,,,,,,,,,,,,,,,,,,,,,,,,,,,,,,,,,,,,,,,,,,,,,,,,,,,,,,,,,,,,,,,,,,,,,,,,,,,,,,,,,,,,,,,,,
,,,,,,,,,,,,,,,,,,,,,,,,,,,,,,,,,,,,,,,,,,,,,,,unconscionably,,,,,,,,,,,,,,,,,,,,,,,,,,,,,,,,,,,,,,,,,,,,,,,,,,,,,,,,,,,,,,,,,,,,,,,,,,,,,,,,,,,,,,,,,,,,,,
,,,,,,,,,,,,,,,,,,,,,,,,,,,,,,,,,,,,,,,,,,,,,,,majestically,,,,,,,,,,,,,,,,,,,,,,,,,,,,,,,,,,,,,,,,,,,,,,,,,,,,,,,,,,,,,,,,,,,,,,,,,,,,,,,,,,,,,,,,,,,,,,
,,,,,,,,,,,,,,,,,,,,,,,,,,,,,,,,,,,,,,,,,,,,,,,well,,,,,,,,,,,,,,,,,,,,,,,,,,,,,,,,,,,,,,,,,,,,,,,,,,,,,,,,,,,,,,,,,,,,,,,,,,,,,,,,,,,,,,,,,,,,,,
,,,,,,,,,,,,,,,,,,,,,,,,,,,,,,,,,,,,,,,,,,,,,,,illustriously,,,,,,,,,,,,,,,,,,,,,,,,,,,,,,,,,,,,,,,,,,,,,,,,,,,,,,,,,,,,,,,,,,,,,,,,,,,,,,,,,,,,,,,,,,,,,,
,,,,,,,,,,,,,,,,,,,,,,,,,,,,,,,,,,,,,,,,,,,,,,,radiantly,,,,,,,,,,,,,,,,,,,,,,,,,,,,,,,,,,,,,,,,,,,,,,,,,,,,,,,,,,,,,,,,,,,,,,,,,,,,,,,,,,,,,,,,,,,,,,
,,,,,,,,,,,,,,,,,,,,,,,,,,,,,,,,,,,,,,,,,,,,,,,exceptionally,,,,,,,,,,,,,,,,,,,,,,,,,,,,,,,,,,,,,,,,,,,,,,,,,,,,,,,,,,,,,,,,,,,,,,,,,,,,,,,,,,,,,,,,,,,,,,
,,,,,,,,,,,,,,,,,,,,,,,,,,,,,,,,,,,,,,,,,,,,,,,unnaturally,,,,,,,,,,,,,,,,,,,,,,,,,,,,,,,,,,,,,,,,,,,,,,,,,,,,,,,,,,,,,,,,,,,,,,,,,,,,,,,,,,,,,,,,,,,,,,
,,,,,,,,,,,,,,,,,,,,,,,,,,,,,,,,,,,,,,,,,,,,,,,astonishingly,,,,,,,,,,,,,,,,,,,,,,,,,,,,,,,,,,,,,,,,,,,,,,,,,,,,,,,,,,,,,,,,,,,,,,,,,,,,,,,,,,,,,,,,,,,,,,
,,,,,,,,,,,,,,,,,,,,,,,,,,,,,,,,,,,,,,,,,,,,,,,exotically,,,,,,,,,,,,,,,,,,,,,,,,,,,,,,,,,,,,,,,,,,,,,,,,,,,,,,,,,,,,,,,,,,,,,,,,,,,,,,,,,,,,,,,,,,,,,,
,,,,,,,,,,,,,,,,,,,,,,,,,,,,,,,,,,,,,,,,,,,,,,,fantastically,,,,,,,,,,,,,,,,,,,,,,,,,,,,,,,,,,,,,,,,,,,,,,,,,,,,,,,,,,,,,,,,,,,,,,,,,,,,,,,,,,,,,,,,,,,,,,
,,,,,,,,,,,,,,,,,,,,,,,,,,,,,,,,,,,,,,,,,,,,,,,indescribably,,,,,,,,,,,,,,,,,,,,,,,,,,,,,,,,,,,,,,,,,,,,,,,,,,,,,,,,,,,,,,,,,,,,,,,,,,,,,,,,,,,,,,,,,,,,,,
,,,,,,,,,,,,,,,,,,,,,,,,,,,,,,,,,,,,,,,,,,,,,,,unfamiliarly,,,,,,,,,,,,,,,,,,,,,,,,,,,,,,,,,,,,,,,,,,,,,,,,,,,,,,,,,,,,,,,,,,,,,,,,,,,,,,,,,,,,,,,,,,,,,,
,,,,,,,,,,,,,,,,,,,,,,,,,,,,,,,,,,,,,,,,,,,,,,,glowingly,,,,,,,,,,,,,,,,,,,,,,,,,,,,,,,,,,,,,,,,,,,,,,,,,,,,,,,,,,,,,,,,,,,,,,,,,,,,,,,,,,,,,,,,,,,,,,
,,,,,,,,,,,,,,,,,,,,,,,,,,,,,,,,,,,,,,,,,,,,,,,excellently,,,,,,,,,,,,,,,,,,,,,,,,,,,,,,,,,,,,,,,,,,,,,,,,,,,,,,,,,,,,,,,,,,,,,,,,,,,,,,,,,,,,,,,,,,,,,,
,,,,,,,,,,,,,,,,,,,,,,,,,,,,,,,,,,,,,,,,,,,,,,,well,,,,,,,,,,,,,,,,,,,,,,,,,,,,,,,,,,,,,,,,,,,,,,,,,,,,,,,,,,,,,,,,,,,,,,,,,,,,,,,,,,,,,,,,,,,,,,
,,,,,,,,,,,,,,,,,,,,,,,,,,,,,,,,,,,,,,,,,,,,,,,miraculously,,,,,,,,,,,,,,,,,,,,,,,,,,,,,,,,,,,,,,,,,,,,,,,,,,,,,,,,,,,,,,,,,,,,,,,,,,,,,,,,,,,,,,,,,,,,,,
